"pitches","player_id","player_name","total_pitches","pitch_percent","ba","iso","babip","slg","woba","xwoba","xba","hits","abs","launch_speed","launch_angle","spin_rate","velocity","effective_speed","whiffs","swings","takes","eff_min_vel","release_extension","pos3_int_start_distance","pos4_int_start_distance","pos5_int_start_distance","pos6_int_start_distance","pos7_int_start_distance","pos8_int_start_distance","pos9_int_start_distance","pitcher_run_exp","run_exp","bat_speed","swing_length"
690,641712,"Hudson, Dakota",1448,47.7,0.309,0.166,0.295,0.475,0.391,0.413,0.326,56,181,92,5.2,2066,90.2,90.55,22,303,387,0.3999999999999915,6.33,112,148,119,148,301,330,301,"-8.9","8.9",70.72149219005223,"6.931458735"
291,607536,"Freeland, Kyle",551,52.8,0.313,0.157,0.329,0.47,0.364,0.313,0.268,26,83,88.2,10.2,2320,91.9,92.72,12,143,148,0.7999999999999972,6.68,109,150,122,146,303,332,299,"-3.7","3.7",69.96110817848016,"6.83149087"
710,650911,"Sánchez, Cristopher",1481,47.9,0.35,0.1,0.369,0.45,0.382,0.404,0.362,56,160,91.2,0.3,2134,94.4,95.31,30,337,373,0.8999999999999915,6.9,106,149,114,147,298,322,288,"-3","3",70.2545401064799,"6.859465519"
251,519008,"McFarland, T.J.",511,49.1,0.26,0.082,0.279,0.342,0.276,0.232,0.215,19,73,87.6,-7.3,1966,87.8,86.29,12,131,120,-1.5,5.45,109,146,113,148,296,317,295,"6.2","-6.2",66.91818054975681,"6.674296147"
618,596295,"Gomber, Austin",1493,41.4,0.306,0.224,0.312,0.53,0.387,0.39,0.302,41,134,92.3,14.6,2187,90.4,91.27,24,254,364,0.8999999999999915,6.74,110,151,123,147,304,330,298,"-2.2","2.2",70.81060765115257,"7.02990871"
677,681857,"Olson, Reese",1548,43.7,0.277,0.107,0.307,0.384,0.307,0.324,0.283,49,177,91,7.8,2171,94.2,93.42,29,306,371,-0.7999999999999972,5.89,113,148,117,147,296,328,297,"3.2","-3.2",70.18629990403281,"6.969511131"
261,641755,"Kinley, Tyler",684,38.2,0.396,0.17,0.388,0.566,0.467,0.491,0.398,21,53,92.3,21.8,2364,95.8,95.06,11,112,149,-0.7000000000000028,5.55,111,148,120,148,304,332,302,"-6.4","6.4",69.29648418501698,"7.1212776"
403,663546,"Hjelle, Sean",619,65.1,0.284,0.095,0.313,0.379,0.297,0.291,0.267,27,95,84.8,-1.5,2227,94.3,94.9,17,174,229,0.6000000000000085,6.64,111,147,117,149,295,321,294,"5.2","-5.2",67.24853390610107,"6.60686179"
450,592836,"Walker, Taijuan",850,52.9,0.305,0.263,0.349,0.568,0.424,0.409,0.289,29,95,94.3,17.8,2042,90.2,89.57,16,155,295,-0.6000000000000085,5.91,110,148,114,148,296,325,296,"-10.7","10.7",71.2880196835935,"7.052718951"
260,663567,"Lambert, Peter",611,42.6,0.268,0.179,0.271,0.446,0.359,0.36,0.273,15,56,88,19.2,2237,94.4,94.94,12,117,143,0.5,6.48,112,148,120,148,301,328,300,"-2.9","2.9",69.48768309735087,"6.726672959"
683,663474,"McKenzie, Triston",1304,52.4,0.303,0.348,0.263,0.652,0.463,0.467,0.31,47,155,92.4,20.6,2229,91.1,92.02,30,292,391,0.9000000000000057,6.83,111,149,122,149,296,318,298,"-16.3","16.3",70.59587544179212,"7.072912374"
502,543294,"Hendricks, Kyle",1040,48.3,0.385,0.231,0.384,0.615,0.451,0.416,0.346,45,117,88.1,13.7,2012,87.8,86.92,23,222,280,-0.8999999999999915,5.65,111,150,115,151,301,323,294,"-16.9","16.9",70.22807647603697,"6.800497839"
810,663903,"Singer, Brady",1563,51.8,0.282,0.153,0.317,0.435,0.345,0.372,0.301,50,177,89.1,3.1,2264,92,93.44,35,322,488,1.4000000000000057,7.03,112,147,118,149,296,324,295,"0.8","-0.8",69.56131784973759,"6.753904187"
362,674072,"Henry, Tommy",706,51.3,0.308,0.321,0.286,0.628,0.43,0.401,0.282,24,78,91.3,16.4,2130,90,90.74,19,173,189,0.7000000000000028,6.72,110,149,118,146,303,320,295,"-7.1","7.1",71.2858985651662,"7.006257733"
544,678394,"Bello, Brayan",1328,41,0.35,0.161,0.4,0.511,0.411,0.35,0.281,48,137,90.5,0,2027,95.8,95.86,27,243,301,0.10000000000000853,6.37,110,150,115,146,288,320,296,"-7","7",69.27639764694787,"6.679936238"
353,665622,"Medina, Luis",626,56.4,0.267,0.147,0.265,0.413,0.344,0.37,0.278,20,75,90.2,16.1,2377,95.8,95.76,19,169,184,0,6.31,109,146,118,149,304,321,298,"-1.2","1.2",70.79203626735641,"6.884968742"
228,643410,"Leiter Jr., Mark",503,45.3,0.304,0.071,0.34,0.375,0.357,0.391,0.307,17,56,89.5,12.4,2008,90.5,91.26,12,107,121,0.7999999999999972,6.67,112,148,112,151,296,323,296,"-0.2","0.2",69.02383974215208,"6.799596735"
517,666200,"Luzardo, Jesús",1083,47.7,0.298,0.202,0.28,0.5,0.383,0.412,0.32,34,114,91.4,20.8,2194,95.1,93.71,27,238,279,-1.3999999999999915,5.71,106,149,116,146,298,321,293,"-2.9","2.9",69.789738275256,"6.891288085"
426,664350,"Sánchez, Sixto",621,68.6,0.348,0.196,0.362,0.543,0.418,0.402,0.313,32,92,90.9,13.2,2205,88.7,88.16,22,194,232,-0.5,6.01,110,148,114,147,296,317,292,"-10.3","10.3",69.34423588463895,"6.977076149"
288,668941,"Romero, JoJo",585,49.2,0.27,0.063,0.288,0.333,0.296,0.377,0.331,17,63,91.1,3.7,2132,94,92.52,14,123,165,-1.5,5.45,109,149,111,147,305,321,300,"3.5","-3.5",69.90137053695005,"6.763895315"
520,657612,"Hill, Tim",553,94,0.333,0.056,0.364,0.389,0.339,0.294,0.273,48,144,87.5,-5.4,2135,89.3,89.93,30,260,260,0.6000000000000085,6.9,109,149,116,150,293,322,293,"-8.8","8.8",68.62920597770473,"6.710518107"
327,571948,"Milner, Hoby",634,51.6,0.315,0.124,0.388,0.438,0.338,0.307,0.285,28,89,85.4,4.6,1965,88.3,88.84,18,157,170,0.5,6.79,110,149,119,147,297,320,300,"-3.6","3.6",67.92018196545355,"6.534829357"
474,570632,"Ureña, José",1043,45.4,0.234,0.097,0.245,0.331,0.282,0.338,0.285,29,124,93.3,5,2164,95.8,95.66,25,218,256,-0.09999999999999432,6.29,113,150,119,149,301,325,297,"4.4","-4.4",70.78129694332948,"7.10253901"
661,608379,"Wacha, Michael",1333,49.6,0.272,0.116,0.301,0.387,0.336,0.361,0.294,47,173,88.7,13.6,2096,92.5,93.36,39,334,327,0.9000000000000057,6.74,113,149,118,149,298,322,293,"-3.4","3.4",69.71259745138028,"6.813472185"
322,593576,"Neris, Héctor",576,55.9,0.295,0.262,0.357,0.557,0.424,0.426,0.287,18,61,91.4,14.7,2386,92.9,92.55,18,154,168,-0.4000000000000057,6.19,113,149,114,151,299,324,296,"-2","2",69.76335369019131,"7.019464965"
551,621389,"Blach, Ty",870,63.3,0.34,0.208,0.343,0.547,0.392,0.391,0.328,54,159,89,14.1,2088,88,86.58,34,286,265,-1.4000000000000057,5.19,110,149,122,147,304,333,301,"-5.8","5.8",69.00004456049327,"6.816352647"
302,693821,"Elder, Bryce",517,58.4,0.346,0.128,0.373,0.474,0.394,0.37,0.308,27,78,90.8,8.4,2031,90.1,89.48,16,133,169,-0.5999999999999943,5.96,112,150,120,149,298,324,299,"-4.7","4.7",70.2229300226641,"7.019126279"
296,571927,"Matz, Steven",501,59.1,0.245,0.113,0.267,0.358,0.298,0.35,0.295,13,53,86.8,12.7,2193,93.9,94.04,17,140,156,0.09999999999999432,6.47,108,150,114,146,307,321,297,"3","-3",67.85195220300866,"6.363200811"
607,677960,"Weathers, Ryan",1160,52.3,0.286,0.12,0.294,0.406,0.342,0.389,0.315,38,133,91,9,2307,95.6,94.43,36,295,312,-1.1999999999999886,5.82,107,150,118,147,301,317,292,"3.9","-3.9",69.02084020878397,"6.708823004"
277,608334,"Fulmer, Carson",655,42.3,0.236,0.109,0.295,0.345,0.331,0.37,0.252,13,55,93.2,12.2,2279,93.1,93.06,14,115,162,0,6.4,110,149,119,148,303,326,299,"0","0",69.40220276089653,"6.842429808"
519,471911,"Carrasco, Carlos",1185,43.8,0.331,0.274,0.315,0.605,0.429,0.429,0.338,41,124,90.7,12,2148,91.4,91.91,29,237,282,0.5,6.58,112,149,120,148,296,317,298,"-13.7","13.7",70.17388885127129,"6.957127767"
303,666745,"Brito, Jhony",599,50.6,0.306,0.129,0.324,0.435,0.337,0.336,0.287,26,85,89.3,9.9,2132,96.3,96.18,18,147,156,-0.09999999999999432,6.29,114,150,119,150,297,326,293,"-3","3",70.07334502058245,"6.867303643"
382,571670,"Floro, Dylan",604,63.2,0.21,0.038,0.275,0.248,0.233,0.277,0.234,22,105,87.7,8.2,2100,90,90.42,19,155,227,0.4000000000000057,6.55,109,148,117,146,301,323,294,"8.9","-8.9",67.92597489534714,"6.625439571"
1005,571578,"Corbin, Patrick",1608,62.5,0.312,0.226,0.326,0.538,0.387,0.404,0.336,83,266,92.8,9.1,2136,89.7,90.45,59,481,524,0.7999999999999972,6.78,108,149,117,144,302,324,297,"-15.7","15.7",70.82006840258204,"7.076161773"
362,672582,"Zerpa, Angel",570,63.5,0.279,0,0.387,0.279,0.285,0.293,0.256,24,86,91.3,-3.4,2058,95.7,94.45,19,155,207,-1.2000000000000028,5.55,110,148,118,148,299,323,294,"-0.6","0.6",66.88240805820057,"6.400213986"
293,683627,"Molina, Anthony",590,49.7,0.344,0.156,0.385,0.5,0.413,0.401,0.319,22,64,94.4,8.8,2106,94.5,94.57,15,121,172,0.09999999999999432,6.23,114,148,123,148,302,329,299,"-5.8","5.8",69.47578000512294,"6.897439375"
622,680730,"Parker, Mitchell",1281,48.6,0.237,0.125,0.248,0.362,0.286,0.352,0.273,36,152,91.9,20.2,2191,92.5,93.53,41,331,291,1,6.86,109,149,117,146,306,330,297,"-1.7","1.7",70.06914579921676,"6.830647532"
235,641745,"Keller, Brad",594,39.6,0.286,0.19,0.288,0.476,0.359,0.36,0.263,18,63,86,3.4,2228,93.5,93.38,14,111,124,-0.09999999999999432,6.09,112,149,120,149,295,321,295,"-1.1","1.1",69.47606241563365,"6.898569346"
321,607481,"Bummer, Aaron",553,58,0.347,0.125,0.414,0.472,0.393,0.314,0.276,25,72,87.5,-4.2,2235,92.5,92.43,17,134,187,-0.09999999999999432,6.29,111,151,120,149,299,323,293,"-2.4","2.4",68.51710758189189,"6.642378689"
420,687330,"Kelly, Kevin",580,72.4,0.282,0.173,0.325,0.455,0.336,0.322,0.275,31,110,87.5,1.1,2187,90.3,91.8,23,177,243,1.5,7.37,107,148,117,148,293,323,297,"-0.2","0.2",69.62983856416075,"6.672091471"
797,500779,"Quintana, Jose",1492,53.4,0.281,0.246,0.281,0.526,0.393,0.397,0.296,48,171,91,14.4,2055,90.5,90.68,44,338,459,0.20000000000000284,6.55,108,150,120,149,296,323,295,"-3.8","3.8",70.43865051757088,"6.933072483"
729,664285,"Valdez, Framber",1347,54.1,0.302,0.12,0.308,0.422,0.343,0.37,0.318,58,192,91.9,-1.8,2141,93.8,92.9,40,307,422,-0.8999999999999915,5.86,103,150,114,146,293,323,293,"2.2","-2.2",70.31486833225794,"6.877447037"
564,607259,"Martinez, Nick",994,56.7,0.256,0.128,0.283,0.385,0.292,0.296,0.274,40,156,86.8,19.5,2366,91,90.33,42,320,244,-0.7000000000000028,5.85,114,146,118,149,293,319,291,"-1.8","1.8",69.37700033512897,"6.927413444"
756,571945,"Mikolas, Miles",1525,49.6,0.229,0.128,0.253,0.356,0.283,0.304,0.239,43,188,89.9,13.8,2209,92.7,92.67,50,378,378,0,6.32,114,149,113,149,304,323,301,"10.8","-10.8",70.8032018948632,"6.880122477"
1018,624133,"Suárez, Ranger",1604,63.5,0.235,0.145,0.282,0.38,0.3,0.298,0.246,60,255,87.7,4.4,1979,90.4,90.47,62,466,552,0.09999999999999432,6.35,107,149,115,148,300,325,289,"8","-8",69.63632396378414,"6.768960876"
609,605288,"Houser, Adrian",996,61.1,0.222,0.098,0.26,0.32,0.305,0.338,0.247,34,153,90.5,9.2,2103,92.7,93.36,36,270,339,0.7000000000000028,6.77,112,149,122,150,296,322,299,"-1.8","1.8",70.30663965091578,"7.011058775"
255,593974,"Peralta, Wandy",537,47.5,0.274,0.113,0.3,0.387,0.334,0.395,0.324,17,62,92.5,3.4,2158,95.3,94.04,15,113,142,-1.2999999999999972,5.61,111,148,115,149,296,323,294,"0.2","-0.2",71.07605676446795,"7.094124835"
882,663855,"Hicks, Jordan",1576,56,0.315,0.142,0.339,0.457,0.37,0.39,0.318,62,197,91.7,5.5,1948,94.6,95.09,52,387,495,0.5,6.56,111,147,118,149,294,323,294,"-0.8","0.8",69.88525531694414,"6.967588329"
695,647336,"Soroka, Michael",1298,53.5,0.245,0.204,0.256,0.449,0.362,0.393,0.284,36,147,88.4,17.1,2423,92.9,92.34,42,312,383,-0.6000000000000085,6.02,111,147,116,148,299,325,295,"-0.7","0.7",69.56071600502334,"6.75325605"
318,669622,"Bender, Anthony",614,51.8,0.364,0.136,0.411,0.5,0.417,0.409,0.337,24,66,88.7,4,2255,95.3,94.49,18,132,186,-0.7999999999999972,6.07,107,147,114,146,296,318,294,"-8.6","8.6",70.76723150776257,"7.095942679"
310,552640,"Kittredge, Andrew",610,50.8,0.286,0.1,0.311,0.386,0.329,0.362,0.299,20,70,88.5,11.2,2330,94.3,94.91,23,169,141,0.6000000000000085,6.64,112,148,111,146,306,320,299,"-0.3","0.3",69.8710820684219,"6.948248169"
678,667755,"Soriano, José",1158,58.5,0.247,0.102,0.252,0.349,0.31,0.338,0.262,41,166,90.8,-3.6,1985,98.1,98.47,44,324,354,0.4000000000000057,6.57,110,148,118,150,303,327,298,"3.9","-3.9",69.90865246638316,"7.077204749"
481,642232,"Yarbrough, Ryan",830,58,0.238,0.139,0.22,0.376,0.327,0.402,0.312,24,101,85.9,7.5,1881,85.3,85.29,29,211,270,0,6.29,112,151,121,149,294,310,288,"4","-4",68.47565794373963,"6.597877748"
258,673513,"Matsui, Yuki",656,39.3,0.26,0.12,0.295,0.38,0.349,0.34,0.249,13,50,90.5,25.8,2410,92.1,91.3,18,131,127,-0.7999999999999972,5.96,111,150,115,149,294,323,295,"1.2","-1.2",68.33164704078129,"6.921508879"
235,663704,"McArthur, James",547,43,0.261,0.101,0.288,0.362,0.298,0.308,0.257,18,69,89.1,3.9,2271,95,95.85,15,109,126,0.7999999999999972,6.81,111,148,116,148,299,323,296,"4.9","-4.9",68.59322945022207,"6.655147525"
309,700249,"Povich, Cade",507,60.9,0.22,0.203,0.173,0.424,0.337,0.338,0.216,13,59,88.5,22.7,2360,91.1,91.32,20,145,164,0.20000000000000284,6.36,112,149,121,148,302,325,296,"-3","3",69.58288138843406,"6.945470709"
871,621244,"Berríos, José",1636,53.2,0.29,0.14,0.305,0.43,0.356,0.383,0.311,58,200,91.2,13.3,2103,93.5,93.56,55,396,475,0.09999999999999432,6.46,110,148,115,149,288,321,293,"0","0",70.41199743271778,"6.821072758"
307,573124,"Rogers, Taylor",625,49.1,0.164,0.075,0.233,0.239,0.242,0.275,0.2,11,67,90.2,-1.5,2105,93.3,92.32,15,108,199,-1,5.78,110,150,121,149,293,321,295,"5.5","-5.5",66.22266505114995,"6.37003375"
553,656557,"Houck, Tanner",1687,32.8,0.278,0.075,0.34,0.353,0.318,0.363,0.304,37,133,90.8,1,2204,92.9,92.43,35,250,303,-0.5,6.07,110,151,114,147,286,321,298,"-3.5","3.5",68.66047382674417,"6.812179071"
906,502043,"Gibson, Kyle",1465,61.8,0.258,0.18,0.263,0.438,0.34,0.375,0.292,50,194,90,7.5,2173,90.3,91.53,46,329,577,1.2000000000000028,6.97,114,148,109,149,302,323,301,"-2.9","2.9",71.22297060028477,"7.149413446"
882,572020,"Paxton, James",1365,64.6,0.263,0.161,0.269,0.424,0.349,0.381,0.284,54,205,90.2,14.7,2087,92.7,93.31,62,441,441,0.5999999999999943,6.57,110,152,121,148,301,318,291,"-1.2","1.2",69.79974633840261,"6.681218299"
746,527048,"Pérez, Martín",1108,67.3,0.291,0.17,0.329,0.462,0.358,0.367,0.295,53,182,91.2,12.3,2076,90.1,89.56,49,345,401,-0.5,5.88,106,149,110,147,307,323,291,"0.1","-0.1",70.86320140006269,"7.044885617"
233,642546,"Hernández, Jonathan",584,39.9,0.271,0.25,0.256,0.521,0.434,0.456,0.306,13,48,90.2,4.6,2238,96.8,96.82,14,98,135,0,6.32,109,148,117,148,299,322,295,"-5.9","5.9",71.87116661566105,"7.297089375"
364,643511,"Rogers, Tyler",586,62.1,0.283,0.071,0.318,0.354,0.283,0.247,0.243,28,99,86.4,-0.9,1936,82.4,81.62,30,209,155,-0.8000000000000114,6.14,110,147,118,149,291,317,294,"5.9","-5.9",68.59149259076796,"6.611933351"
341,472610,"García, Luis",575,59.3,0.25,0.138,0.273,0.388,0.322,0.331,0.269,20,80,90.7,0.2,2147,96.3,96.9,24,167,174,0.6000000000000085,6.73,109,148,116,148,306,327,298,"-2.6","2.6",69.49703346927059,"6.8741788"
761,608344,"Irvin, Cole",1328,57.3,0.305,0.237,0.329,0.542,0.39,0.401,0.31,58,190,91.6,17.2,2037,90.9,91.07,56,387,374,0.19999999999998863,6.39,110,150,119,148,306,324,295,"-7.3","7.3",69.39169650277995,"6.849409598"
432,605513,"Turnbull, Spencer",916,47.2,0.271,0.229,0.292,0.5,0.375,0.402,0.302,26,96,89.2,9.9,2437,92.3,92.39,29,199,233,0.10000000000000853,6.24,110,148,115,150,292,323,292,"-2","2",69.49370442697021,"6.871492035"
928,607625,"Lugo, Seth",1826,50.8,0.234,0.104,0.273,0.338,0.286,0.329,0.262,54,231,86.9,8.1,2391,92.1,92.04,59,402,526,-0.09999999999999432,6.17,112,148,118,150,298,323,295,"13","-13",69.04295703502694,"6.794832692"
446,621111,"Buehler, Walker",651,68.5,0.288,0.212,0.289,0.5,0.366,0.345,0.276,30,104,87.7,11.9,2305,94.2,94.75,31,209,237,0.5,6.49,112,150,121,150,298,316,296,"-3.4","3.4",68.76863955225377,"6.736422069"
529,656756,"Montgomery, Jordan",1065,49.7,0.361,0.163,0.388,0.524,0.409,0.371,0.31,53,147,88.3,13.3,2190,91.7,92.37,40,271,258,0.7000000000000028,6.69,112,150,118,146,300,314,294,"-11.5","11.5",70.73470296381629,"7.046921622"
318,670950,"Richards, Trevor",774,41.1,0.186,0.114,0.22,0.3,0.261,0.34,0.24,13,70,92.6,20.1,2250,92,91.82,23,155,163,-0.20000000000000284,6.29,111,149,115,148,289,319,292,"5.2","-5.2",68.34815375883375,"6.737898207"
564,592351,"Gray, Jon",1290,43.7,0.31,0.127,0.368,0.437,0.357,0.384,0.313,44,142,93.1,12,2033,94.9,95.34,42,284,280,0.3999999999999915,6.61,113,148,117,150,299,326,299,"-5.4","5.4",69.81553010493415,"6.763714743"
388,628317,"Maeda, Kenta",1133,34.2,0.372,0.308,0.375,0.679,0.478,0.418,0.328,29,78,90.2,19.1,2302,89.8,89.43,24,162,226,-0.3999999999999915,6.13,109,148,116,148,294,330,296,"-13.4","13.4",70.7002030009567,"7.01883087"
829,668933,"Ashcraft, Graham",1262,65.7,0.33,0.195,0.337,0.526,0.403,0.386,0.316,71,215,91.4,5,2397,95.4,94.36,63,423,406,-1,5.51,112,147,121,149,297,323,294,"-11.7","11.7",69.90431766499148,"6.78707987"
784,592791,"Taillon, Jameson",1238,63.3,0.278,0.106,0.308,0.383,0.317,0.336,0.271,50,180,89.7,18,2382,90.5,91.35,55,370,414,0.7999999999999972,6.69,111,150,117,152,301,326,296,"6.6","-6.6",70.25157751239023,"7.082065556"
482,663776,"Sandoval, Patrick",1444,33.4,0.398,0.148,0.457,0.545,0.451,0.392,0.304,35,88,91.3,13.9,1996,93.7,93.48,31,206,276,-0.20000000000000284,6.2,107,151,117,148,310,327,297,"-12.2","12.2",69.92311418014222,"6.825459724"
614,656288,"Canning, Griffin",1625,37.8,0.267,0.319,0.224,0.585,0.397,0.414,0.297,36,135,92,21.1,2095,93.5,93.08,41,272,342,-0.4000000000000057,6.1,110,148,119,150,305,326,301,"-10.2","10.2",70.45064279441914,"6.862534899"
536,677944,"Cecconi, Slade",992,54,0.321,0.224,0.371,0.545,0.393,0.346,0.268,43,134,89.5,19.8,2342,94.1,94.51,41,269,267,0.4000000000000057,6.63,114,149,116,149,299,315,291,"-5.1","5.1",68.88564959487886,"6.724863577"
374,669711,"Weissert, Greg",650,57.5,0.273,0.17,0.339,0.443,0.325,0.279,0.228,24,88,89,10.5,2183,93.6,93.12,29,191,183,-0.5,6.09,111,149,117,146,287,321,300,"-0.4","0.4",68.1747669790329,"6.741398736"
338,661527,"Martinez, Seth",650,52,0.195,0.085,0.217,0.28,0.268,0.317,0.242,16,82,87.8,10.2,2063,90.4,91.75,23,151,187,1.2999999999999972,7.13,108,149,117,147,293,322,295,"7","-7",69.28897353852932,"6.881480588"
207,682120,"Herrin, Tim",576,35.9,0.13,0.022,0.176,0.152,0.208,0.301,0.212,6,46,85.7,1.5,2375,95,95.77,14,92,115,0.7999999999999972,6.64,110,150,118,148,294,318,295,"4","-4",67.7126266171501,"6.700541975"
432,548389,"Stripling, Ross",896,48.2,0.303,0.128,0.352,0.431,0.349,0.32,0.27,33,109,87.2,17.9,2102,91.2,90.74,31,201,231,-0.5,6.1,112,148,115,151,294,319,294,"-6.3","6.3",69.09096125464742,"6.819071695"
1092,665871,"Assad, Javier",1444,75.6,0.252,0.161,0.289,0.413,0.334,0.361,0.276,58,230,89.1,13.5,1975,90.7,91.21,74,477,615,0.5,6.55,111,149,116,152,298,325,296,"7","-7",69.82660263214616,"6.908035647"
671,663362,"Waldron, Matt",1651,40.6,0.269,0.158,0.299,0.427,0.335,0.343,0.278,46,171,88.8,14.9,2041,89.9,90.57,50,322,349,0.6999999999999886,6.7,114,149,117,150,296,325,296,"-1.6","1.6",69.53015222863343,"6.852697244"
276,665625,"Peguero, Elvis",557,49.6,0.284,0.123,0.303,0.407,0.351,0.377,0.3,23,81,89.8,2.7,1903,96.8,97.88,20,129,147,1.1000000000000085,6.95,107,149,118,147,301,320,298,"-3.7","3.7",70.86999825611343,"7.04047045"
519,669467,"Pallante, Andre",748,69.4,0.246,0.061,0.271,0.307,0.309,0.343,0.264,28,114,86.4,-0.6,2221,94.9,95.59,37,236,283,0.6999999999999886,6.59,110,147,112,148,302,322,300,"2.2","-2.2",69.38328911267496,"6.717838617"
461,669713,"Wesneski, Hayden",800,57.6,0.258,0.208,0.247,0.467,0.352,0.403,0.301,31,120,90,7.3,2154,93.5,95,34,216,245,1.5,7.04,111,150,115,152,298,324,296,"-3.3","3.3",69.81868784246811,"7.042551951"
276,663878,"Pearson, Nate",602,45.8,0.357,0.214,0.415,0.571,0.434,0.382,0.267,25,70,93.1,18.8,2200,97.6,98.5,22,139,137,0.9000000000000057,6.95,109,148,116,148,290,318,291,"-5.1","5.1",69.6641413301398,"6.928505556"
759,694813,"Stone, Gavin",1388,54.7,0.268,0.115,0.308,0.383,0.329,0.337,0.272,49,183,88,11.7,2181,94.5,95.13,59,373,386,0.5999999999999943,6.62,113,150,120,150,296,316,293,"6.4","-6.4",69.60159267955036,"6.887535141"
337,670990,"Ramírez, Yohan",601,56.1,0.306,0.165,0.338,0.471,0.392,0.359,0.267,26,85,88.6,7.8,2255,94.6,95.9,24,151,186,1.3000000000000114,7.15,110,148,117,148,295,317,291,"-1.2","1.2",67.38835541803286,"6.63852904"
378,656464,"Ginkel, Kevin",608,62.2,0.244,0.093,0.268,0.337,0.283,0.313,0.257,21,86,88.9,13.9,2389,95.7,96.76,30,188,190,1.0999999999999943,6.89,113,147,117,148,296,315,292,"3.7","-3.7",68.24373934556814,"6.526195181"
333,666129,"Garrett, Braxton",588,56.6,0.25,0.102,0.296,0.352,0.285,0.317,0.27,22,88,93,10.3,2152,89.6,90.11,23,144,189,0.5,6.78,104,150,114,145,298,321,295,"3.6","-3.6",70.26865185233086,"6.994044338"
424,669461,"Liberatore, Matthew",747,56.8,0.337,0.253,0.338,0.589,0.423,0.406,0.315,32,95,89,14,2193,94.3,94.33,36,223,201,0,6.28,112,149,114,147,307,320,300,"-4.9","4.9",70.4269573989882,"6.954067292"
354,656849,"Peterson, David",627,56.5,0.282,0.077,0.318,0.359,0.331,0.388,0.322,22,78,90,5.1,2150,92.8,94.31,28,173,181,1.5,7.13,109,151,124,149,302,324,294,"1.5","-1.5",69.36082672828906,"6.569783313"
854,663559,"Falter, Bailey",1304,65.5,0.237,0.157,0.247,0.394,0.305,0.357,0.277,56,236,89.9,18.1,1999,91.8,93.77,73,450,404,2,7.41,107,149,111,147,310,326,292,"6.3","-6.3",70.35582000352782,"6.829376135"
283,694363,"Shuster, Jared",625,45.3,0.275,0.116,0.309,0.391,0.318,0.317,0.271,19,69,90.1,18.5,2171,92,92.44,23,141,142,0.4000000000000057,6.51,110,149,115,149,296,323,296,"2.6","-2.6",69.61804479248832,"6.791939143"
383,657044,"Thompson, Ryan",504,76,0.248,0.124,0.27,0.371,0.281,0.291,0.258,26,105,89.7,-8.6,2060,91,91.43,32,196,187,0.4000000000000057,6.79,113,149,118,149,297,315,292,"5.4","-5.4",70.45620468202628,"7.039089176"
709,450203,"Morton, Charlie",1511,46.9,0.296,0.254,0.333,0.549,0.414,0.4,0.287,42,142,92.2,11.1,2273,92.6,92.56,52,319,390,0,6.21,114,150,122,149,298,323,296,"-9.4","9.4",69.14803018297063,"6.839040634"
722,594902,"Lively, Ben",1197,60.3,0.258,0.196,0.297,0.454,0.343,0.333,0.248,42,163,92.8,13.7,1995,90.1,91.32,54,331,391,1.2000000000000028,6.95,112,150,121,150,301,319,300,"1.4","-1.4",70.04768976387311,"6.673936195"
253,682990,"Priester, Quinn",521,48.6,0.31,0.127,0.322,0.437,0.348,0.363,0.314,22,71,91.2,0.4,2102,93,93.31,23,141,112,0.29999999999999716,6.4,110,147,105,148,301,320,289,"0.4","-0.4",71.59756168283242,"7.001815115"
620,668964,"Myers, Tobias",968,64,0.255,0.211,0.252,0.466,0.335,0.364,0.279,41,161,88.7,14.4,2211,91.5,92.19,52,316,304,0.7000000000000028,6.69,111,149,120,148,302,323,299,"-1.3","1.3",69.68526108966138,"6.917661438"
577,668678,"Gallen, Zac",1074,53.7,0.269,0.185,0.322,0.454,0.359,0.377,0.28,32,119,93.4,16.9,2288,93.1,93.75,38,231,346,0.6000000000000085,6.68,113,150,118,149,301,321,295,"1.6","-1.6",69.13312039097556,"6.835198398"
1012,607067,"Rea, Colin",1447,69.9,0.266,0.206,0.275,0.472,0.351,0.396,0.315,67,252,91.6,14.7,2181,91,91.63,79,478,534,0.5999999999999943,6.64,111,148,119,148,302,323,300,"3.8","-3.8",71.36629601270556,"7.012917906"
518,686826,"Jarvis, Bryce",862,60.1,0.267,0.198,0.267,0.465,0.376,0.422,0.312,27,101,93,10.3,2196,94.1,93.52,41,247,271,-0.5999999999999943,5.97,111,148,121,147,299,316,291,"3.9","-3.9",70.20216403540032,"6.926291267"
810,547179,"Lorenzen, Michael",1380,58.7,0.216,0.163,0.236,0.379,0.315,0.367,0.269,41,190,90.4,14.9,2362,93.2,92.5,62,372,438,-0.7000000000000028,5.89,114,149,118,150,301,325,297,"6.6","-6.6",70.64063177692015,"6.838541657"
953,671106,"Allen, Logan",1505,63.3,0.31,0.25,0.329,0.56,0.4,0.397,0.303,67,216,90.3,14.5,2139,89.8,90.01,71,424,529,0.20000000000000284,6.36,106,151,120,147,301,320,297,"-8.1","8.1",69.59704628575489,"6.825060286"
1125,605135,"Bassitt, Chris",1755,64.1,0.28,0.085,0.358,0.366,0.328,0.333,0.265,69,246,87.8,10.1,2152,91.7,91.97,88,527,598,0.29999999999999716,6.44,110,148,114,148,287,319,293,"9.1","-9.1",68.82096305496698,"6.640749913"
294,571656,"Farmer, Buck",640,45.9,0.236,0.153,0.246,0.389,0.325,0.395,0.289,17,72,88.6,20.9,2378,92.5,92.08,24,144,150,-0.4000000000000057,6.1,113,147,122,148,294,319,289,"5","-5",70.37763483580343,"7.055794202"
293,642397,"Soto, Gregory",523,56,0.315,0.111,0.348,0.426,0.383,0.444,0.342,17,54,91.9,7.5,2287,97.5,97.99,22,130,163,0.5,6.59,108,147,116,147,293,322,291,"0.2","-0.2",69.36329736259144,"6.70392213"
222,606965,"Devenski, Chris",533,41.7,0.34,0.66,0.242,1,0.577,0.468,0.303,16,47,92.3,26.9,2335,91.2,90.77,20,118,104,-0.4000000000000057,6.18,104,148,119,147,298,330,300,"-11.7","11.7",70.46479051131759,"7.031653208"
825,657277,"Webb, Logan",1861,44.3,0.247,0.072,0.333,0.319,0.285,0.306,0.245,41,166,89.8,2.3,1971,92.1,93.32,50,296,529,1.2000000000000028,7.06,112,148,119,150,295,324,296,"6.6","-6.6",69.62208366648349,"6.625389922"
342,622554,"Domínguez, Seranthony",558,61.3,0.265,0.044,0.333,0.309,0.303,0.311,0.249,18,68,86.5,13.2,2354,97.6,97.97,27,160,182,0.4000000000000057,6.53,110,146,115,147,296,324,289,"0.7","-0.7",70.03777290072365,"6.932205736"
889,694297,"Pfaadt, Brandon",1587,56,0.259,0.125,0.313,0.384,0.313,0.328,0.27,60,232,89.8,11.9,2493,93.3,94.22,73,433,456,0.9000000000000057,6.75,112,150,116,148,300,317,294,"5.7","-5.7",70.64868007469596,"6.951661211"
1008,573186,"Stroman, Marcus",1694,59.5,0.26,0.216,0.256,0.475,0.366,0.363,0.27,53,204,89.7,13,2348,89.3,88.75,74,434,574,-0.5,5.79,112,149,116,151,287,321,287,"5.1","-5.1",70.93113873866862,"7.102256188"
541,656222,"Beeks, Jalen",734,73.7,0.25,0.113,0.286,0.363,0.311,0.309,0.23,31,124,86.5,16.7,2194,92.5,93.45,45,263,278,0.9000000000000057,6.58,111,148,119,147,302,330,301,"5.4","-5.4",67.79519802586442,"6.729218333"
229,519326,"Strickland, Hunter",588,38.9,0.306,0.204,0.342,0.51,0.381,0.37,0.294,15,49,94.1,22.5,2300,93.8,92.99,17,99,130,-0.7999999999999972,6,111,149,118,149,307,327,298,"-5.6","5.6",72.03124149564611,"7.111936196"
313,664875,"Lawrence, Justin",544,57.5,0.343,0.164,0.35,0.507,0.419,0.391,0.316,23,67,90,3.6,2398,95.1,95.08,23,133,180,0,6.25,108,145,117,145,300,329,298,"-4.6","4.6",68.01291087161712,"6.88785752"
896,593423,"Montas, Frankie",1327,67.5,0.243,0.183,0.267,0.427,0.336,0.365,0.27,53,218,89.7,17.2,2324,93.6,93.2,82,474,422,-0.3999999999999915,5.94,113,146,119,149,294,320,292,"-0.8","0.8",70.58104183221836,"7.057743317"
321,607179,"Weems, Jordan",554,57.9,0.231,0.09,0.25,0.321,0.308,0.35,0.265,18,78,90.6,18,2091,96,96.41,28,162,159,0.4000000000000057,6.58,111,147,116,146,304,324,295,"-2.7","2.7",69.74127587707072,"6.908248684"
720,663372,"Feltner, Ryan",1492,48.3,0.278,0.144,0.322,0.422,0.336,0.315,0.256,52,187,89,4.2,2330,94.8,95.37,59,339,381,0.6000000000000085,6.39,114,149,121,149,300,330,300,"-3.8","3.8",69.03726375493042,"6.758945359"
309,696136,"Wicks, Jordan",519,59.5,0.288,0.123,0.345,0.411,0.35,0.344,0.271,21,73,88.9,16.5,2281,92.8,92.65,30,171,138,-0.20000000000000284,6.28,112,149,116,149,301,317,291,"-2","2",69.61481072464332,"6.844039058"
399,670167,"Schreiber, John",607,65.7,0.312,0.108,0.372,0.419,0.366,0.335,0.282,29,93,89.4,5.4,2148,91.4,91.87,32,183,216,0.5,6.51,109,146,115,147,297,322,292,"-0.6","0.6",68.41909790144501,"6.719042561"
226,657508,"Baumann, Mike",556,40.6,0.333,0.431,0.293,0.765,0.485,0.435,0.298,17,51,94.4,23.6,2272,96.3,96.81,20,114,112,0.5,6.7,113,148,119,146,296,322,295,"-6.8","6.8",71.18417476176234,"6.996340202"
420,686730,"Spiers, Carson",666,63.1,0.248,0.114,0.286,0.362,0.301,0.309,0.237,26,105,87.3,17.2,2314,91,91.96,38,217,203,1,6.68,111,146,120,150,297,321,293,"5.8","-5.8",69.44895314563524,"6.828638708"
584,687765,"Spence, Mitch",1155,50.6,0.256,0.116,0.29,0.372,0.312,0.324,0.261,31,121,90.8,4.8,2415,91.3,91.56,49,279,305,0.29999999999999716,6.3,110,148,115,150,300,321,295,"3.8","-3.8",69.93814486165027,"6.90009936"
1135,622663,"Severino, Luis",1611,70.5,0.242,0.141,0.25,0.383,0.316,0.33,0.261,65,269,86.9,13,2168,95.5,95.53,109,619,516,0,6.36,112,149,119,150,296,322,296,"6.9","-6.9",69.61949329441866,"6.807912135"
901,621107,"Eflin, Zach",1339,67.3,0.259,0.166,0.296,0.425,0.305,0.295,0.246,64,247,90.1,11.3,2183,90.2,90.76,78,437,464,0.5999999999999943,6.63,106,149,115,149,295,326,299,"2","-2",70.52319142681777,"6.97744952"
991,605400,"Nola, Aaron",1732,57.2,0.225,0.188,0.237,0.413,0.309,0.321,0.255,49,218,88.7,15.1,2251,91,92.21,84,471,520,1.2000000000000028,7.03,111,148,115,149,293,326,295,"0.5","-0.5",69.5183573388468,"7.02168137"
480,445926,"Chavez, Jesse",608,78.9,0.21,0.133,0.247,0.343,0.275,0.271,0.211,22,105,87.1,10.5,2142,89.4,89.58,37,208,272,0.19999999999998863,6.29,112,150,121,148,298,322,292,"11.6","-11.6",69.09699105118756,"6.848114365"
955,623167,"Flexen, Chris",1444,66.1,0.26,0.224,0.263,0.484,0.364,0.37,0.27,57,219,90.2,17.4,2250,89.7,89.8,81,454,501,0.09999999999999432,6.3,112,149,117,149,298,324,295,"-10.2","10.2",70.22538338907383,"7.143557358"
405,681867,"Criswell, Cooper",962,42.1,0.246,0.2,0.326,0.446,0.33,0.311,0.227,16,65,91.8,18.8,2125,88.2,89.08,27,151,254,0.8999999999999915,6.84,110,147,114,146,282,322,303,"2.2","-2.2",68.00588129664702,"6.599307586"
211,519151,"Pressly, Ryan",583,36.2,0.27,0.189,0.36,0.459,0.323,0.361,0.289,10,37,93.9,16.4,2542,93.9,94.1,15,84,127,0.19999999999998863,6.34,108,149,114,148,295,324,298,"1.8","-1.8",70.02893888480413,"7.048668267"
382,506433,"Darvish, Yu",889,43,0.224,0.173,0.253,0.398,0.279,0.305,0.25,22,98,91.9,13.2,2293,93.4,93.65,37,207,175,0.19999999999998863,6.6,117,150,120,150,298,328,291,"4.4","-4.4",70.21749147934145,"7.228888961"
870,671096,"Abbott, Andrew",1588,54.8,0.226,0.164,0.248,0.39,0.327,0.355,0.262,40,177,90.7,13.8,2248,92.9,93.5,69,386,484,0.5999999999999943,6.66,111,149,119,148,300,323,288,"6.2","-6.2",69.22382767990185,"6.777363229"
908,615698,"Quantrill, Cal",1724,52.7,0.333,0.236,0.371,0.569,0.439,0.384,0.3,58,174,88.9,12.8,2246,92.2,92.78,70,389,519,0.5999999999999943,6.48,114,149,121,149,301,329,300,"-7.8","7.8",69.56809421668237,"6.913690836"
459,663687,"Harris, Hogan",778,59,0.266,0.202,0.278,0.468,0.363,0.45,0.333,25,94,91.5,15.9,2282,93.2,93.69,39,217,242,0.5,6.77,111,150,120,150,303,322,295,"0.7","-0.7",69.03386301195236,"6.610506762"
883,669194,"Nelson, Ryne",1223,72.2,0.327,0.168,0.38,0.495,0.379,0.34,0.287,70,214,91.2,11.6,2214,93.8,94.7,85,469,414,0.9000000000000057,6.84,111,148,119,148,300,318,294,"-4.8","4.8",69.23746714301599,"6.685945058"
244,641656,"Hamilton, Ian",519,47,0.333,0.125,0.366,0.458,0.391,0.375,0.305,16,48,91.1,16.5,2181,95.9,95.09,18,99,145,-0.8000000000000114,5.88,112,150,114,151,291,322,286,"2.7","-2.7",66.50504376383674,"6.513030588"
285,670059,"Holderman, Colin",520,54.8,0.226,0.145,0.245,0.371,0.323,0.352,0.231,14,62,86.5,12.2,2359,94.8,95.37,23,126,159,0.6000000000000085,6.59,111,149,110,149,306,325,294,"2.8","-2.8",70.1630944891574,"7.19532225"
373,663947,"Holton, Tyler",620,60.2,0.17,0.114,0.182,0.284,0.249,0.294,0.224,15,88,88.2,12.3,2270,90.3,90.78,32,175,198,0.5,6.46,110,148,113,146,293,326,294,"5.5","-5.5",68.91378687230642,"6.81986461"
735,625643,"López, Reynaldo",1300,56.5,0.253,0.108,0.319,0.361,0.314,0.338,0.254,40,158,91.2,19.3,2061,95.4,95.83,68,372,363,0.3999999999999915,6.53,114,150,122,149,296,324,296,"13.1","-13.1",69.53512124108664,"6.716080767"
363,642701,"Santana, Dennis",571,63.6,0.247,0.156,0.295,0.403,0.333,0.338,0.259,19,77,88.8,15.2,2524,93.6,93.16,32,174,189,-0.3999999999999915,6.08,112,150,117,150,294,322,285,"2.2","-2.2",69.81390496394238,"7.246414471"
386,676775,"Winn, Keaton",877,44,0.309,0.284,0.344,0.593,0.419,0.39,0.285,25,81,94.6,12.6,2289,95.3,94.95,33,179,207,-0.29999999999999716,6.16,112,148,116,149,293,324,297,"-9.7","9.7",69.97326875190095,"6.788586323"
319,670102,"Francis, Bowden",605,52.7,0.247,0.195,0.254,0.442,0.34,0.383,0.286,19,77,91.9,24.1,2387,93.2,93.94,33,179,140,0.7000000000000028,6.86,109,148,117,148,286,320,294,"0.4","-0.4",70.44357374406898,"6.883213007"
272,672710,"Contreras, Roansy",573,47.5,0.296,0.113,0.357,0.408,0.344,0.388,0.31,21,71,91.7,11.1,2335,94.8,95.01,25,136,136,0.20000000000000284,6.51,110,148,114,148,307,322,296,"-4.3","4.3",68.97286090375721,"6.771646525"
650,663554,"Mize, Casey",1388,46.8,0.301,0.102,0.338,0.404,0.324,0.319,0.278,50,166,89.7,11.7,2242,95.6,96.95,66,356,294,1.4000000000000057,7.08,110,147,116,147,295,329,296,"-1.2","1.2",68.37074701460354,"6.609997977"
532,676962,"Brown, Ben",849,62.7,0.25,0.102,0.289,0.352,0.309,0.407,0.303,27,108,92.2,17.6,2222,96.4,97.17,43,232,300,0.7999999999999972,6.76,114,149,114,152,297,324,297,"1.5","-1.5",69.53739647709041,"6.801487238"
436,592866,"Williams, Trevor",921,47.3,0.218,0.1,0.259,0.318,0.256,0.291,0.222,24,110,90.8,17.2,2109,88.8,89.82,44,236,200,1,6.81,111,147,117,147,302,326,297,"10.3","-10.3",70.47597878958341,"6.799932445"
368,605280,"Holmes, Clay",604,60.9,0.337,0.105,0.37,0.442,0.36,0.333,0.293,32,95,88.8,-4.7,2194,96.4,95.68,32,170,198,-0.7000000000000028,6,113,150,111,151,288,322,286,"-3.9","3.9",71.02770096443929,"7.115625933"
851,608331,"Fried, Max",1611,52.8,0.267,0.059,0.317,0.327,0.313,0.337,0.285,54,202,86,3.8,2164,93.2,93.79,74,393,458,0.5999999999999943,6.52,109,151,120,147,299,323,293,"6","-6",69.19543574618599,"6.764192893"
269,623433,"Anderson, Nick",544,49.4,0.312,0.273,0.322,0.584,0.413,0.404,0.31,24,77,90.1,17,2130,94.7,94.34,27,143,126,-0.4000000000000057,6,114,149,120,149,297,323,295,"-3.3","3.3",69.61478080627526,"6.659222016"
889,669203,"Burnes, Corbin",1691,52.6,0.246,0.144,0.26,0.39,0.303,0.311,0.258,58,236,89.1,10.3,2704,95.6,96.27,85,450,439,0.7000000000000028,6.54,114,148,120,149,300,323,297,"9.4","-9.4",70.59673094968504,"7.141403456"
294,686539,"Cronin, Declan",651,45.2,0.269,0.03,0.333,0.299,0.317,0.295,0.218,18,67,92,-2.3,2554,93.3,92.84,25,132,162,-0.5,5.96,110,148,117,146,297,319,292,"3.5","-3.5",70.21560571849447,"6.827406635"
147,613534,"Adams, Austin",607,24.2,0.214,0.286,0.167,0.5,0.405,0.364,0.222,3,14,88.1,14.5,2681,93.6,92.89,10,53,94,-0.6999999999999886,5.83,110,147,115,149,300,320,296,"-0.8","0.8",68.35719984316742,"6.578625385"
436,683232,"Mears, Nick",723,60.3,0.244,0.081,0.299,0.326,0.303,0.32,0.246,21,86,89.9,12.8,2302,96.7,97.96,41,217,219,1.2999999999999972,6.86,111,147,119,147,300,330,301,"3.8","-3.8",68.41958892157469,"6.695968235"
589,681190,"Vásquez, Randy",1033,57,0.365,0.182,0.405,0.547,0.421,0.404,0.345,50,137,88,14,2425,93.5,93.39,60,315,274,-0.09999999999999432,6.21,111,148,119,149,297,325,294,"-6.3","6.3",70.40629659504066,"6.904320556"
656,641540,"Dunning, Dane",1168,56.2,0.224,0.178,0.269,0.401,0.329,0.367,0.26,34,152,91,13.8,2134,89.4,90.73,55,289,367,1.2999999999999972,7.13,114,149,118,150,298,326,297,"-1.5","1.5",70.32458175786734,"6.878523424"
832,669432,"Rogers, Trevor",1500,55.5,0.285,0.204,0.324,0.489,0.377,0.393,0.291,53,186,91.3,14.2,2405,91.9,92.21,74,389,443,0.29999999999999716,6.69,107,148,114,145,297,320,292,"-7.6","7.6",70.90726272911675,"6.946532902"
264,664854,"Helsley, Ryan",591,44.7,0.3,0.1,0.302,0.4,0.345,0.332,0.241,18,60,92.6,19.3,2538,99.4,99.87,26,136,128,0.5,6.6,114,147,112,148,305,322,301,"-0.2","0.2",70.3480905351613,"6.876476491"
469,676106,"Hancock, Emerson",752,62.4,0.3,0.191,0.311,0.491,0.377,0.408,0.33,33,110,90.5,15.4,2348,93.3,93.74,47,246,223,0.4000000000000057,6.5,111,148,117,148,292,323,293,"-3","3",70.52050163297253,"6.954134977"
304,519043,"Moore, Matt",585,52,0.211,0.175,0.2,0.386,0.331,0.368,0.233,12,57,90,26.3,2252,92.9,92.3,29,152,152,-0.6000000000000085,6.14,110,148,114,148,304,325,300,"2.4","-2.4",69.79960321362627,"6.864884929"
1085,542881,"Anderson, Tyler",1711,63.4,0.224,0.22,0.216,0.445,0.323,0.358,0.261,55,245,89.1,20.9,2225,87.4,87.1,96,503,582,-0.30000000000001137,6.12,109,149,118,149,304,326,299,"-1.7","1.7",70.52320694132102,"7.066722062"
450,693433,"Woo, Bryan",563,79.9,0.188,0.063,0.209,0.25,0.206,0.251,0.221,21,112,87.6,15.8,2232,94.6,95.22,51,265,185,0.6000000000000085,6.7,112,148,114,148,294,322,293,"10.3","-10.3",70.16352198642942,"6.852035019"
484,608718,"Suter, Brent",769,62.9,0.266,0.193,0.286,0.459,0.331,0.32,0.264,29,109,87.2,14.8,2189,86.4,88.2,46,239,245,1.7999999999999972,7.3,113,149,119,149,296,321,290,"0.5","-0.5",67.99239425743184,"6.535114977"
712,679525,"Marsh, Alec",1390,51.2,0.252,0.195,0.281,0.447,0.344,0.374,0.272,40,159,89.4,13,2483,94,93.92,65,339,373,-0.09999999999999432,6.19,112,148,118,149,297,324,296,"-2.2","2.2",69.27254392970029,"6.719562876"
349,681676,"Fernandez, Ryan",658,53,0.274,0.068,0.311,0.342,0.321,0.362,0.284,20,73,86.5,6,2190,93.4,93.82,28,145,204,0.3999999999999915,6.52,110,148,113,148,304,322,300,"2.3","-2.3",69.9920511459176,"6.946783237"
244,689017,"Knack, Landon",531,46,0.276,0.362,0.263,0.638,0.414,0.368,0.249,16,58,94.6,25.7,2415,92.8,92.15,23,119,125,-0.7000000000000028,5.88,119,150,126,151,294,314,296,"0.5","-0.5",70.18617128802688,"6.842552155"
546,641793,"Littell, Zack",1467,37.2,0.303,0.18,0.384,0.484,0.365,0.349,0.278,37,122,91.5,19.9,2025,92.3,92.26,51,264,282,0,6.34,105,149,117,148,298,330,300,"0.2","-0.2",69.4556802689096,"6.741614077"
261,592767,"Smyly, Drew",555,47,0.295,0.182,0.289,0.477,0.393,0.406,0.301,13,44,88.4,21.8,2157,92.5,91.87,23,119,142,-0.5999999999999943,5.91,112,150,117,151,298,321,294,"-3.8","3.8",70.5803765538123,"7.055322667"
975,607074,"Rodón, Carlos",1725,56.5,0.272,0.272,0.262,0.545,0.379,0.417,0.297,58,213,93.9,21.3,2395,95,94.54,103,528,447,-0.5,6.19,109,151,116,150,292,323,284,"-0.3","0.3",71.15311619517948,"7.056832553"
553,680767,"Vodnik, Victor",851,65,0.282,0.145,0.333,0.427,0.355,0.367,0.274,33,117,91.3,10.7,2285,97.7,98.9,50,257,296,1.2000000000000028,6.77,112,148,121,148,303,330,301,"-1.5","1.5",67.30603398342362,"6.588749548"
772,684007,"Imanaga, Shota",1380,55.9,0.218,0.181,0.223,0.399,0.289,0.329,0.255,42,193,91.6,27.3,2432,91.8,91.61,83,425,347,-0.20000000000000284,6.31,110,152,116,150,300,321,290,"7.7","-7.7",70.98446681076769,"6.919945078"
987,650644,"Civale, Aaron",1562,63.2,0.282,0.213,0.312,0.495,0.37,0.344,0.27,61,216,90,17.8,2473,90.3,89.23,84,430,557,-1.0999999999999943,5.64,104,149,117,149,299,330,299,"-8.8","8.8",69.76487926743044,"6.990573249"
585,808967,"Yamamoto, Yoshinobu",1188,49.2,0.25,0.145,0.277,0.395,0.306,0.336,0.271,31,124,90.2,12.7,2171,95,95.46,55,281,304,0.5,6.55,115,150,120,151,295,315,294,"8.4","-8.4",69.79922971084216,"6.763223156"
528,663542,"Hudson, Bryan",710,74.4,0.2,0.209,0.203,0.409,0.285,0.302,0.234,22,110,89.6,15.8,2286,90.2,92.01,53,271,257,1.7999999999999972,7.37,107,150,118,147,303,322,299,"11","-11",69.3944620528127,"6.735701903"
405,686563,"Cannon, Jonathan",657,61.6,0.297,0.231,0.315,0.527,0.376,0.363,0.29,27,91,92.7,11.7,2155,92.4,92.2,40,204,201,-0.20000000000000284,6.12,113,149,117,151,295,324,296,"-2.6","2.6",69.84536168680175,"6.938009798"
501,663568,"Kolek, Stephen",689,72.7,0.293,0.069,0.344,0.362,0.319,0.296,0.258,34,116,84.6,-0.7,2258,94.5,94.55,51,259,242,0.09999999999999432,6.36,113,148,118,148,298,327,296,"3.7","-3.7",68.43685222160705,"6.551926779"
275,684320,"Rodríguez, Yariel",519,53,0.204,0.061,0.25,0.265,0.265,0.305,0.256,10,49,90.1,11.2,2402,94.2,94.84,23,117,158,0.5999999999999943,6.59,111,149,112,149,289,321,293,"1.5","-1.5",70.07682342253457,"6.884318421"
395,658648,"Avila, Pedro",754,52.4,0.25,0.188,0.266,0.438,0.346,0.346,0.252,20,80,90.8,8.5,2275,93.7,93.95,34,173,222,0.20000000000000284,6.37,111,150,125,149,300,320,297,"2.9","-2.9",70.81992903324264,"6.805608377"
925,592332,"Gausman, Kevin",1685,54.9,0.305,0.243,0.344,0.548,0.385,0.409,0.312,64,210,92.2,19.4,2274,93.9,94.06,98,495,430,0.19999999999998863,6.6,112,148,113,148,289,319,295,"-4.6","4.6",70.47989913374926,"6.877115861"
309,681869,"Dubin, Shawn",515,60,0.267,0.083,0.348,0.35,0.343,0.329,0.22,16,60,87.2,14.1,2457,93,93.3,25,126,183,0.29999999999999716,6.51,108,147,115,147,293,321,295,"-2.4","2.4",69.26515144904921,"6.835678537"
1068,656605,"Keller, Mitch",1615,66.1,0.259,0.161,0.298,0.42,0.328,0.321,0.24,66,255,88,11.6,2433,93.6,93.95,103,520,548,0.4000000000000057,6.47,111,148,110,149,303,323,293,"1.5","-1.5",68.91151777895666,"6.673802614"
349,622072,"Wood, Alex",756,46.2,0.351,0.284,0.396,0.635,0.465,0.45,0.354,26,74,88,16.6,1945,90.5,90.03,33,166,183,-0.5,6.1,106,149,116,147,294,318,294,"-3","3",69.15452126107529,"6.723781161"
376,640462,"Puk, A.J.",671,56,0.23,0.103,0.294,0.333,0.312,0.307,0.222,20,87,88.7,19.5,2199,94.6,95.6,34,171,205,1,7.08,106,148,113,145,295,319,293,"-2.7","2.7",69.22316809728457,"6.824788533"
916,650633,"King, Michael",1786,51.3,0.24,0.213,0.283,0.454,0.333,0.345,0.251,44,183,89,16,2274,93.1,92.64,73,367,549,-0.5,6.13,112,149,118,150,297,324,295,"-0.8","0.8",69.26011782616418,"6.81529774"
928,640455,"Manaea, Sean",1464,63.4,0.214,0.082,0.263,0.296,0.279,0.346,0.271,42,196,91.3,16.9,2037,91.7,93.15,91,457,471,1.5,7.27,110,151,119,149,298,321,294,"12.7","-12.7",69.25333260937063,"6.75758638"
248,675627,"Grove, Michael",614,40.4,0.298,0.128,0.382,0.426,0.4,0.367,0.261,14,47,90.7,9.7,2361,94.4,95.64,21,105,143,1.1999999999999886,6.92,110,148,120,149,293,315,293,"-2.1","2.1",68.01087142198375,"6.688593133"
613,641302,"Alexander, Tyler",923,66.4,0.264,0.25,0.275,0.514,0.359,0.357,0.263,38,144,89.1,24.9,2308,86.7,86.5,61,305,308,-0.20000000000000284,6.19,101,150,116,146,300,326,295,"-9.5","9.5",70.42198853389321,"6.942296288"
376,502624,"Anderson, Chase",760,49.5,0.299,0.26,0.279,0.558,0.411,0.417,0.308,23,77,87.9,19.7,2374,90.3,89.8,36,179,197,-0.5,5.87,113,150,122,148,291,323,299,"-7.1","7.1",69.67094076972474,"6.931805625"
564,682610,"Muñoz, Roddery",767,73.5,0.226,0.33,0.181,0.557,0.38,0.391,0.264,26,115,91.1,19.3,2275,93.5,93.09,53,262,302,-0.4000000000000057,6.09,108,149,116,148,299,323,298,"-4.6","4.6",70.70528984033606,"7.241404764"
1036,663623,"Irvin, Jake",1666,62.2,0.234,0.156,0.283,0.391,0.297,0.325,0.258,60,256,90.5,11.8,2390,93.3,94.65,106,526,510,1.4000000000000057,6.97,113,147,118,147,304,325,299,"4.2","-4.2",68.53080227844052,"6.651435811"
380,640448,"Finnegan, Kyle",562,67.6,0.19,0.131,0.22,0.321,0.256,0.317,0.262,16,84,89.8,6.9,2106,97.2,97.87,41,203,177,0.7000000000000028,6.62,114,147,117,147,306,329,301,"7","-7",68.59639682245235,"6.551481944"
473,680573,"Woods Richardson, Simeon",1186,39.9,0.248,0.05,0.333,0.297,0.294,0.333,0.237,25,101,91.9,16.7,2190,93.1,93.9,48,236,237,0.8000000000000114,6.77,112,149,121,150,299,323,292,"6.9","-6.9",69.63395787609247,"6.686380089"
621,543135,"Eovaldi, Nathan",1231,50.4,0.195,0.122,0.227,0.317,0.273,0.309,0.231,32,164,90.4,10.8,2212,94.5,94.8,62,305,316,0.29999999999999716,6.59,114,149,118,149,301,325,298,"9.9","-9.9",69.85437384260523,"6.815245808"
419,606160,"Montero, Rafael",615,68.1,0.192,0.179,0.196,0.372,0.31,0.324,0.213,15,78,89.1,17,2373,95.2,94.82,39,192,227,-0.4000000000000057,6.18,109,149,115,147,291,317,293,"4.6","-4.6",69.39418295346098,"6.826900292"
592,682847,"Ortiz, Luis L.",855,69.2,0.266,0.101,0.316,0.367,0.322,0.34,0.258,37,139,90.4,11.6,2336,94.3,95.2,59,289,303,0.9000000000000057,6.75,110,148,111,148,307,326,294,"3.3","-3.3",71.46879466790075,"7.09219042"
789,656302,"Cease, Dylan",1776,44.4,0.237,0.191,0.283,0.428,0.335,0.358,0.239,36,152,90.3,21.2,2559,96.6,96.45,80,389,400,-0.19999999999998863,6.24,113,149,116,150,298,326,297,"-1.9","1.9",68.984417793285,"6.782290281"
460,663158,"Suarez, Robert",521,88.3,0.183,0.096,0.224,0.278,0.223,0.27,0.209,21,115,89,20.1,2418,98.6,98.93,56,272,188,0.30000000000001137,6.61,117,149,117,151,298,324,294,"7.8","-7.8",68.72116898232674,"6.79388532"
899,607192,"Glasnow, Tyler",1629,55.2,0.196,0.172,0.232,0.368,0.286,0.285,0.201,41,209,89.5,13.6,2547,96.4,98.68,91,441,458,2.299999999999997,7.51,116,150,121,150,296,315,294,"8.5","-8.5",69.82598918859584,"6.823625484"
483,683155,"Estes, Joey",827,58.4,0.227,0.2,0.236,0.427,0.314,0.368,0.271,25,110,93.7,23.5,2415,92.6,92,57,275,208,-0.5999999999999943,6.02,114,147,117,150,301,322,295,"4.2","-4.2",69.78583363408626,"6.846393626"
383,621112,"Blackburn, Paul",732,52.3,0.311,0.233,0.329,0.544,0.399,0.394,0.313,28,90,89,13.5,2241,90.8,90.9,39,188,195,0.10000000000000853,6.26,110,149,116,150,293,318,293,"-5.3","5.3",70.14568328265406,"7.045450637"
557,669854,"Blanco, Ronel",1525,36.5,0.185,0.269,0.158,0.454,0.346,0.396,0.248,20,108,91.4,24.7,2206,93.5,94.26,50,242,315,0.7999999999999972,6.88,108,149,115,149,293,321,295,"-0.8","0.8",69.09729124883111,"6.762555263"
324,678495,"Rodríguez, Randy",586,55.3,0.239,0.164,0.283,0.403,0.33,0.296,0.206,16,67,90.4,13.4,2537,97.7,98.4,31,150,174,0.7000000000000028,6.68,111,148,119,149,298,324,293,"-2.8","2.8",67.81487073603691,"6.8150105"
231,656412,"Faedo, Alex",640,36.1,0.21,0.145,0.239,0.355,0.296,0.328,0.251,13,62,89.6,19.9,2432,93.8,93.42,25,121,110,-0.3999999999999915,6.13,111,148,118,147,296,329,294,"1.8","-1.8",69.7592585140316,"7.087543113"
793,681293,"Arrighetti, Spencer",1279,62,0.305,0.204,0.349,0.509,0.404,0.365,0.26,51,167,91.3,19.2,2363,91.8,93.33,81,389,404,1.5,7.21,106,149,114,148,292,319,294,"-6.7","6.7",69.60377701167681,"6.995072388"
433,600986,"Vieira, Thyago",684,63.3,0.256,0.189,0.286,0.444,0.355,0.337,0.238,23,90,88.9,10.8,2240,97.3,98.05,41,197,236,0.7999999999999972,6.87,113,150,121,149,302,315,292,"-0.7","0.7",69.57929511166586,"6.942003583"
340,670970,"Morejon, Adrian",589,57.7,0.28,0.085,0.343,0.366,0.309,0.266,0.232,23,82,83.3,-1.8,2456,97.2,97.28,41,196,144,0.09999999999999432,6.44,112,149,116,149,296,324,294,"2.8","-2.8",68.92251479490614,"6.733625806"
458,670174,"Winckowski, Josh",630,72.7,0.295,0.171,0.342,0.467,0.36,0.37,0.283,31,105,86.9,8.8,2101,92.4,92.97,43,206,252,0.5999999999999943,6.56,110,150,116,147,284,320,299,"-4.9","4.9",69.5384667155149,"6.849893068"
270,677161,"Kelly, Zack",532,50.8,0.183,0.1,0.196,0.283,0.284,0.376,0.262,11,60,88.7,7.5,2280,94,94.99,25,119,151,1,7,114,150,118,148,284,320,296,"3.8","-3.8",67.29642530735254,"6.521300796"
230,683769,"Gaddis, Hunter",583,39.5,0.16,0.12,0.194,0.28,0.226,0.264,0.219,8,50,89.9,20.4,2327,95.6,96.66,26,124,106,1.1000000000000085,6.91,113,150,121,150,297,316,298,"5.2","-5.2",71.04090557625146,"6.9215445"
455,657649,"Koenig, Jared",551,82.6,0.198,0.095,0.227,0.293,0.254,0.294,0.221,23,116,87.3,8.9,2351,93.3,93.13,47,224,231,-0.20000000000000284,6.26,108,149,117,147,298,319,297,"14.4","-14.4",68.50898876392313,"6.866131152"
476,434378,"Verlander, Justin",962,49.5,0.243,0.226,0.256,0.47,0.341,0.322,0.22,28,115,89.8,25.6,2407,93.5,92.51,56,265,211,-1,5.93,110,150,114,149,295,319,294,"-0.3","0.3",69.92254279407807,"6.908637027"
355,680694,"Bradish, Kyle",674,52.7,0.188,0.087,0.304,0.275,0.264,0.258,0.159,15,80,86,0.8,2247,95.1,95.74,27,128,227,0.6000000000000085,6.61,115,149,119,150,300,325,296,"4.5","-4.5",68.74741653964989,"6.737715041"
491,571882,"Law, Derek",793,61.9,0.303,0.119,0.326,0.422,0.348,0.359,0.31,33,109,88.8,8.6,2208,92.7,93.27,51,241,250,0.5999999999999943,6.49,110,148,116,147,302,322,296,"-2.9","2.9",70.27632278772265,"7.164141852"
1024,669060,"Wilson, Bryse",1280,80,0.24,0.155,0.263,0.395,0.313,0.359,0.288,62,258,90.4,16.3,2115,91.5,91.9,104,491,533,0.4000000000000057,6.51,110,149,119,148,301,321,301,"7","-7",70.18838586469899,"7.039773178"
740,657006,"Steele, Justin",1149,64.4,0.238,0.138,0.277,0.376,0.299,0.304,0.251,43,181,87.4,12.1,2424,91.9,92.22,83,391,349,0.29999999999999716,6.39,109,151,116,150,304,325,291,"4.9","-4.9",69.82719156620843,"6.685489799"
599,666157,"Lodolo, Nick",1095,54.7,0.231,0.162,0.248,0.392,0.324,0.33,0.245,30,130,90,14.7,2378,94,93.55,58,273,326,-0.5,6.22,110,149,118,148,297,318,287,"3","-3",70.44395881269496,"6.826189811"
811,690986,"Harrison, Kyle",1310,61.9,0.253,0.153,0.305,0.405,0.324,0.327,0.244,48,190,91.4,18.1,2219,92.8,93.28,85,399,412,0.5,6.74,108,149,120,148,294,321,294,"6.3","-6.3",69.73083581233409,"6.707642444"
310,608717,"Stratton, Chris",621,49.9,0.232,0.161,0.293,0.393,0.37,0.357,0.236,13,56,86.8,8.7,2404,91.9,92.47,26,122,188,0.5999999999999943,6.53,110,148,118,149,297,323,293,"-5.7","5.7",69.73134408480506,"6.842694732"
383,681892,"Funderburk, Kody",582,65.8,0.31,0.169,0.333,0.479,0.383,0.395,0.324,22,71,87.3,5.3,2296,92.5,93.76,34,160,223,1.2999999999999972,6.94,107,148,116,148,297,320,290,"-3.7","3.7",66.52197798513015,"6.506584326"
802,543243,"Gray, Sonny",1357,59.1,0.238,0.161,0.276,0.399,0.311,0.334,0.261,46,193,90.7,9,2575,91.2,92.01,86,400,402,0.7999999999999972,6.62,113,148,112,147,306,320,300,"2.2","-2.2",69.80073272044683,"7.046308642"
319,671212,"Boyle, Joe",555,57.5,0.268,0.143,0.302,0.411,0.384,0.423,0.29,15,56,90,15.8,2461,96.6,97.2,25,116,203,0.6000000000000085,6.69,109,146,113,149,289,317,296,"-6.9","6.9",68.92562494998928,"6.764855341"
405,605397,"Musgrove, Joe",840,48.2,0.374,0.22,0.408,0.593,0.45,0.413,0.336,34,91,89.1,12.6,2624,91.4,91.25,45,208,197,-0.20000000000000284,6.09,113,149,115,150,297,323,293,"-7","7",69.38610272833567,"6.97051494"
635,601713,"Pivetta, Nick",1105,57.5,0.253,0.234,0.295,0.487,0.341,0.336,0.246,39,154,90.4,16.5,2355,93.5,94.2,72,334,301,0.7000000000000028,6.78,112,149,119,148,287,321,299,"1.1","-1.1",69.8023829120772,"6.866489286"
791,669302,"Gilbert, Logan",1664,47.5,0.229,0.171,0.244,0.4,0.294,0.343,0.28,47,205,91.1,18.1,2051,94.8,97.24,86,399,392,2.4000000000000057,7.66,113,149,115,148,294,322,293,"7.4","-7.4",70.23265864746313,"6.910118255"
301,680885,"Schwellenbach, Spencer",603,49.9,0.319,0.232,0.364,0.551,0.408,0.393,0.32,22,69,87.7,8.6,2259,94.1,95.32,32,147,154,1.2000000000000028,6.82,113,149,118,148,298,321,294,"-4","4",68.8431604216118,"6.773657273"
378,543859,"Tonkin, Michael",701,53.9,0.195,0.11,0.23,0.305,0.303,0.338,0.23,16,82,87.2,16.8,2339,92.8,92.32,42,193,185,-0.5,6.22,111,150,120,149,294,323,288,"2.4","-2.4",69.95471390955595,"6.967982738"
288,681035,"Scott, Christian",553,52.1,0.264,0.097,0.34,0.361,0.304,0.33,0.261,19,72,94.6,20.5,2253,94.3,95.1,32,145,143,0.7999999999999972,6.92,113,149,118,150,296,323,302,"0.1","-0.1",70.16123910794857,"6.779862446"
405,650893,"Cabrera, Génesis",516,78.5,0.291,0.209,0.307,0.5,0.371,0.339,0.273,32,110,90,10.5,2188,92.2,91.43,48,216,189,-0.7999999999999972,5.95,109,146,115,146,288,316,290,"-3","3",69.09829840253417,"7.248989482"
656,676664,"Sears, JP",1550,42.3,0.262,0.269,0.286,0.531,0.393,0.364,0.248,38,145,90.8,20.5,2042,91.7,91.77,71,320,336,0.09999999999999432,6.44,108,149,117,148,300,322,295,"-7.3","7.3",71.3160140444582,"6.850566291"
368,572143,"Smith, Burch",500,73.6,0.33,0.088,0.408,0.418,0.352,0.343,0.274,30,91,88.6,12.8,2284,92.4,93.17,45,202,166,0.7999999999999972,6.84,108,148,117,146,295,317,291,"2.3","-2.3",67.97444914479891,"6.820801394"
372,592773,"Stanek, Ryne",599,62.1,0.232,0.085,0.273,0.317,0.275,0.273,0.205,19,82,88.5,22,2335,98.1,97.43,47,211,161,-0.6999999999999886,6.03,110,149,115,147,294,323,294,"3.3","-3.3",69.47020268966031,"6.864958905"
387,676130,"Buttó, José",693,55.8,0.152,0.076,0.183,0.228,0.267,0.326,0.207,12,79,87.1,21.3,2297,93.3,93.06,36,161,226,-0.20000000000000284,6.22,114,148,116,149,293,322,299,"7.4","-7.4",71.20104621573321,"7.138868671"
953,669923,"Kirby, George",1595,59.7,0.217,0.134,0.269,0.352,0.258,0.294,0.244,55,253,88.6,18.9,2226,95.7,96.09,127,568,385,0.3999999999999915,6.62,111,149,117,147,297,323,293,"15.6","-15.6",69.22909973302505,"6.702143798"
727,676440,"Bibee, Tanner",1658,43.8,0.327,0.231,0.377,0.558,0.4,0.345,0.286,48,147,90.5,19.1,2374,94.7,95.28,81,362,365,0.5999999999999943,6.65,113,149,122,150,297,319,299,"-14.5","14.5",69.54686953187765,"6.632342086"
1016,607200,"Fedde, Erick",1705,59.6,0.247,0.136,0.307,0.383,0.301,0.318,0.256,60,243,88.5,12.3,2057,91.7,92.6,107,476,540,0.8999999999999915,6.69,114,148,117,150,296,324,297,"9.4","-9.4",69.19802459901868,"6.739434195"
676,665152,"Kremer, Dean",908,74.4,0.206,0.2,0.224,0.406,0.297,0.379,0.26,33,160,90.1,18.6,2301,90.7,90.63,71,314,362,-0.10000000000000853,6.2,112,149,120,149,302,328,299,"1.2","-1.2",70.06210554642908,"7.060135688"
246,641729,"Jiménez, Joe",532,46.2,0.216,0.059,0.256,0.275,0.272,0.272,0.201,11,51,88.3,18.4,2399,94.3,95.92,26,115,131,1.6000000000000085,7.27,113,150,121,150,298,323,295,"3.5","-3.5",68.83425917532969,"6.937530476"
293,660853,"De Los Santos, Enyel",611,48,0.306,0.306,0.314,0.611,0.413,0.347,0.252,22,72,92.3,28.2,2216,95.5,95.12,42,185,108,-0.4000000000000057,6.15,113,149,120,149,295,327,293,"-1","1",69.43059896726916,"6.835621373"
343,605452,"Ross, Joe",677,50.7,0.267,0.14,0.333,0.407,0.329,0.322,0.248,23,86,89.9,14.8,2121,94.6,95.19,35,154,189,0.6000000000000085,6.69,107,148,117,147,302,322,302,"-2.8","2.8",69.82351217109182,"6.762597286"
469,640451,"Harvey, Hunter",746,62.9,0.255,0.149,0.343,0.404,0.329,0.337,0.266,24,94,90.5,12.9,2042,97.9,98.04,58,254,215,0.09999999999999432,6.36,112,148,118,147,305,327,300,"5.9","-5.9",69.34816629675869,"6.685047555"
239,592094,"Adam, Jason",579,41.3,0.163,0.122,0.175,0.286,0.242,0.333,0.244,8,49,93.6,22,2650,95.4,95.87,29,127,112,0.5,6.7,106,148,113,147,296,328,299,"5.2","-5.2",69.49652148819101,"6.891880593"
1110,622491,"Castillo, Luis",1830,60.7,0.237,0.163,0.294,0.401,0.308,0.314,0.24,61,257,89,20.7,2130,95.4,93.74,130,567,543,-1.7000000000000028,5.37,110,148,117,146,297,324,293,"8.6","-8.6",70.09155534948661,"6.787970226"
814,669373,"Skubal, Tarik",1530,53.2,0.184,0.124,0.234,0.308,0.249,0.277,0.206,37,201,87,13,2187,96.7,96.69,94,410,404,0,6.36,110,150,116,147,299,330,293,"16.7","-16.7",68.38745405056697,"6.52856374"
618,542888,"Armstrong, Shawn",649,95.2,0.277,0.162,0.336,0.439,0.347,0.374,0.292,41,148,91.3,16.5,2325,92.3,92.83,73,319,299,0.5,6.62,102,148,117,148,298,328,297,"-5.3","5.3",71.3119893792237,"7.053284409"
889,641927,"Ober, Bailey",1475,60.3,0.284,0.239,0.322,0.522,0.367,0.354,0.269,57,201,89.2,20.4,2218,90,91.7,103,450,439,1.7000000000000028,7.22,113,149,121,150,300,325,294,"-5.6","5.6",70.64529865022136,"7.018499466"
469,656731,"Megill, Tylor",707,66.3,0.274,0.168,0.333,0.442,0.371,0.374,0.264,26,95,91.1,15.3,2195,94.4,96.49,51,222,247,2.0999999999999943,7.47,111,149,119,149,294,324,297,"-2.8","2.8",69.5074536793434,"6.914943402"
795,571760,"Heaney, Andrew",1504,52.9,0.218,0.176,0.273,0.394,0.308,0.302,0.205,36,165,90.7,24.5,2407,91.5,91.41,85,368,427,-0.09999999999999432,6.48,110,151,118,148,301,325,296,"2.8","-2.8",69.57064369227346,"6.695927848"
348,666808,"Doval, Camilo",664,52.4,0.275,0.203,0.34,0.478,0.362,0.374,0.273,19,69,95.2,9.1,2378,99.2,99.6,34,147,201,0.3999999999999915,6.37,112,147,117,148,295,323,296,"-1.9","1.9",69.25433393340967,"7.027150719"
984,676710,"Crawford, Kutter",1515,65,0.215,0.148,0.256,0.363,0.287,0.316,0.241,51,237,87.2,15.1,2478,90.2,89.93,120,516,468,-0.29999999999999716,6.11,111,150,115,148,289,321,301,"7.8","-7.8",70.50082164433472,"7.03995891"
1357,641482,"Cortes, Nestor",1769,76.7,0.231,0.158,0.274,0.389,0.293,0.298,0.233,73,316,91.2,24.8,2359,90,89.37,166,713,644,-0.5999999999999943,5.88,109,151,118,151,292,325,284,"8.9","-8.9",70.86554225113613,"6.982937334"
815,544150,"Suárez, Albert",1104,73.8,0.262,0.145,0.302,0.407,0.32,0.327,0.26,45,172,88.6,18.1,2333,92.5,93.18,97,416,399,0.7000000000000028,6.72,112,149,120,148,304,327,296,"3.2","-3.2",69.71298075278104,"6.964002944"
707,519242,"Sale, Chris",1541,45.9,0.268,0.19,0.344,0.458,0.343,0.316,0.248,38,142,90.4,7.6,2216,94.7,94.76,82,348,359,0.09999999999999432,6.51,110,152,119,147,303,323,291,"2.6","-2.6",68.78108834659078,"6.596704502"
978,666142,"Ragans, Cole",1827,53.5,0.224,0.118,0.282,0.342,0.286,0.327,0.261,51,228,90.8,14.2,2530,94.9,94.61,117,495,483,-0.30000000000001137,6.11,111,150,117,148,304,325,291,"13.8","-13.8",70.16998218988562,"6.872869374"
1260,554430,"Wheeler, Zack",1789,70.4,0.207,0.136,0.245,0.343,0.279,0.292,0.216,58,280,86.3,14.6,2396,94.3,95.91,154,651,609,1.6000000000000085,7.22,111,148,115,149,290,321,293,"14.5","-14.5",69.44686256417012,"6.717869356"
309,656641,"Latz, Jacob",632,48.9,0.25,0.162,0.292,0.412,0.35,0.362,0.229,17,68,90,29,2336,94.8,95.09,39,164,145,0.29999999999999716,6.64,115,149,119,150,299,323,296,"-8.7","8.7",70.00454619806115,"6.853217639"
311,679885,"Martinez, Justin",576,54,0.328,0,0.389,0.328,0.345,0.344,0.3,21,64,86.2,-8.2,2100,100.1,100.3,34,143,168,0.20000000000000284,6.52,111,149,119,148,299,315,292,"2.2","-2.2",67.91721541971117,"6.463984928"
1004,682243,"Miller, Bryce",1571,63.9,0.223,0.15,0.262,0.373,0.297,0.36,0.261,52,233,93,15.6,2457,94.8,94.89,124,521,483,0.10000000000000853,6.34,113,148,115,148,294,322,293,"2.8","-2.8",70.94230036701573,"6.926534277"
319,664747,"Díaz, Alexis",571,55.9,0.229,0.063,0.324,0.292,0.359,0.349,0.189,11,48,87.9,26.1,2639,94,96.61,32,134,185,2.5999999999999943,7.68,115,147,118,149,295,319,289,"-4.6","4.6",68.10730679234752,"6.7496975"
559,596133,"Weaver, Luke",765,73.1,0.176,0.168,0.191,0.345,0.26,0.34,0.25,21,119,87,20.1,2461,93.7,92.98,71,297,262,-0.7000000000000028,5.94,114,150,117,151,289,322,287,"9.4","-9.4",67.86673070117732,"6.728326462"
390,676684,"Vest, Will",581,67.1,0.235,0.071,0.299,0.306,0.261,0.291,0.233,20,85,89.8,7.2,2109,95.4,95.18,49,203,187,-0.20000000000000284,6.2,110,148,117,145,299,328,293,"5.3","-5.3",68.94522067951429,"6.503047135"
184,663423,"Thornton, Trent",632,29.1,0.211,0.237,0.208,0.447,0.353,0.413,0.279,8,38,88,8.7,2436,95.2,95.45,23,95,89,0.29999999999999716,6.31,112,149,117,146,295,322,291,"-1.8","1.8",67.6692440308046,"6.64456809"
413,663485,"Sands, Cole",641,64.4,0.2,0.133,0.219,0.333,0.264,0.316,0.23,18,90,89.2,22.5,2335,93.4,92.45,52,215,198,-0.9000000000000057,5.71,111,149,119,150,300,324,292,"9.3","-9.3",69.63593439308715,"6.96822285"
949,669022,"Gore, MacKenzie",1728,54.9,0.289,0.117,0.363,0.406,0.345,0.328,0.27,57,197,87.1,18.8,2321,96.4,97.65,126,518,431,1.2999999999999972,7.01,108,149,116,146,301,321,294,"3.2","-3.2",69.9227187397309,"6.714760247"
418,621381,"Strahm, Matt",520,80.4,0.224,0.112,0.328,0.337,0.261,0.288,0.245,22,98,88.5,18.7,2471,92.7,92.23,60,245,173,-0.5,6.14,108,149,117,148,295,321,287,"5.2","-5.2",69.74857113132167,"6.72873281"
318,670280,"Bednar, David",534,59.6,0.259,0.185,0.3,0.444,0.328,0.363,0.271,21,81,91.1,25.1,2506,97.1,97.63,48,195,123,0.5,6.73,112,147,110,147,304,322,296,"-2.2","2.2",70.76503907914766,"6.944880914"
641,671737,"Bradley, Taj",1014,63.2,0.243,0.206,0.263,0.449,0.335,0.396,0.274,33,136,91.7,18.4,2296,94.5,94.75,87,353,288,0.29999999999999716,6.55,106,149,118,149,297,334,302,"0.3","-0.3",69.05510884907605,"6.783332537"
361,518585,"Cruz, Fernando",639,56.5,0.344,0.344,0.34,0.689,0.472,0.503,0.391,21,61,91.8,19.2,2366,91.9,92.86,37,150,211,1,6.81,113,145,116,148,295,321,290,"-4.7","4.7",69.0818245589091,"6.991994891"
357,660761,"Suarez, José",712,50.1,0.431,0.471,0.45,0.902,0.583,0.426,0.29,22,51,89.4,13.7,2307,92.5,91.78,35,141,216,-0.7000000000000028,6.02,106,147,114,147,304,325,298,"-16","16",69.79695776737105,"6.857010435"
552,663978,"Paddack, Chris",1292,42.7,0.298,0.128,0.4,0.426,0.334,0.299,0.247,42,141,91.6,17.8,2214,93.4,94.39,69,277,275,1,6.99,112,148,119,150,300,324,293,"2.9","-2.9",68.14071881922796,"6.512578069"
1065,686613,"Brown, Hunter",1605,66.4,0.273,0.174,0.344,0.446,0.347,0.302,0.233,66,242,86.4,13.6,2267,94.9,95.28,126,507,558,0.3999999999999915,6.6,109,149,115,149,292,320,295,"-5.4","5.4",68.6616322068759,"6.698873154"
361,650556,"Abreu, Bryan",746,48.4,0.241,0.228,0.298,0.468,0.354,0.334,0.225,19,79,91.6,20.3,2335,96.5,96.93,43,172,189,0.4000000000000057,6.63,107,149,115,148,295,322,297,"0.1","-0.1",69.89034045347873,"6.871075137"
407,686580,"Slaten, Justin",617,66,0.202,0.053,0.264,0.255,0.234,0.251,0.214,19,94,87.2,8.8,2411,93.3,93.91,52,208,199,0.6000000000000085,6.69,113,150,115,148,287,322,300,"8","-8",68.90441449685378,"7.004161406"
258,689147,"Kerkering, Orion",558,46.2,0.145,0.036,0.235,0.182,0.18,0.209,0.165,8,55,89.1,5.4,2328,97.3,97.38,32,127,131,0.10000000000000853,6.34,110,149,121,149,296,324,293,"8.5","-8.5",68.85955479624991,"6.715654196"
288,657097,"Webb, Jacob",632,45.6,0.197,0.164,0.244,0.361,0.322,0.377,0.244,12,61,92.7,28.7,2455,93.5,93.23,37,146,142,-0.29999999999999716,6.28,114,149,120,148,303,324,296,"0.2","-0.2",67.8880932702592,"6.607986031"
377,664076,"Cleavinger, Garrett",617,61.1,0.2,0.154,0.25,0.354,0.331,0.364,0.246,13,65,86.5,9.5,2448,93.4,92.88,45,177,200,-0.5,5.98,101,148,114,146,297,327,297,"-2","2",70.34789213933222,"7.072627044"
308,493603,"Ottavino, Adam",580,53.1,0.182,0.045,0.316,0.227,0.252,0.268,0.186,12,66,88.2,4.7,2315,91.4,92.58,29,114,194,1.1999999999999886,7.04,113,147,119,148,295,320,294,"4.3","-4.3",68.01386657426022,"6.854779612"
467,661403,"Clase, Emmanuel",574,81.4,0.147,0.073,0.183,0.22,0.191,0.267,0.229,16,109,86.1,2.7,2564,99.3,100.15,64,251,216,0.7999999999999972,6.6,115,150,122,151,292,314,295,"13","-13",69.0111839250968,"6.690405153"
600,621237,"Alvarado, José",600,100,0.198,0.092,0.253,0.29,0.253,0.284,0.222,26,131,87.2,13.7,2093,95.7,96.45,74,290,310,0.7000000000000028,6.82,107,148,117,147,297,322,290,"6.3","-6.3",69.52932408142225,"7.226924435"
614,656427,"Flaherty, Jack",1402,43.8,0.248,0.181,0.323,0.43,0.316,0.327,0.26,37,149,88,10.3,2247,93.4,94.2,72,282,332,0.7999999999999972,6.71,113,148,118,148,293,328,297,"-0.7","0.7",69.77690025866714,"6.878935486"
1375,458681,"Lynn, Lance",1585,86.8,0.252,0.176,0.294,0.429,0.331,0.354,0.271,76,301,89.3,17.1,2498,90.9,91.17,174,680,695,0.29999999999999716,6.42,113,148,112,148,305,320,300,"-3.2","3.2",70.37617879773585,"6.976905314"
1023,668881,"Greene, Hunter",1830,55.9,0.196,0.1,0.275,0.297,0.277,0.28,0.192,43,219,89.4,19.2,2376,97.7,97.86,144,562,461,0.20000000000000284,6.44,114,147,120,149,297,321,292,"8.5","-8.5",69.3627990979196,"6.718815903"
401,676534,"Faucher, Calvin",564,71.1,0.247,0.123,0.313,0.37,0.321,0.331,0.271,20,81,89.7,9.3,2587,93.5,92.57,48,187,214,-0.9000000000000057,5.74,108,148,117,146,296,319,295,"2","-2",69.29111753554021,"6.983157684"
901,657746,"Ryan, Joe",1695,53.2,0.203,0.164,0.265,0.367,0.276,0.278,0.209,42,207,87.9,27.3,2250,94,94.83,122,474,427,0.7999999999999972,6.86,113,149,119,150,297,324,294,"12.3","-12.3",69.26042678736856,"6.71531614"
677,680570,"Rodriguez, Grayson",1398,48.4,0.253,0.096,0.318,0.349,0.316,0.332,0.248,37,146,90.7,16.9,2273,96.2,97.65,88,338,339,1.5,7.27,112,149,119,150,300,325,300,"5.7","-5.7",70.3055851513454,"6.703686059"
312,518617,"Diekman, Jake",519,60.1,0.19,0.19,0.2,0.379,0.326,0.313,0.21,11,58,84.2,6.1,2266,94.5,94.32,36,138,174,-0.20000000000000284,6.48,110,148,118,149,294,321,296,"-2.5","2.5",68.62733191710181,"6.67710024"
225,608371,"Sims, Lucas",525,42.9,0.25,0.269,0.281,0.519,0.398,0.342,0.194,13,52,87.3,26.3,2627,93.9,93.26,31,119,106,-0.6000000000000085,5.84,109,147,119,148,298,321,288,"-2.5","2.5",68.96311315870707,"7.019471869"
524,606930,"Barnes, Jacob",532,98.5,0.24,0.132,0.258,0.372,0.286,0.35,0.293,29,121,87.9,14.1,2425,92.3,93.51,69,263,261,1.2000000000000028,6.8,110,149,117,147,305,326,297,"6.5","-6.5",70.31731383362656,"7.298301822"
470,666214,"Wentz, Joey",696,67.5,0.283,0.17,0.333,0.453,0.363,0.356,0.266,30,106,89.1,12.9,2354,90.5,90.83,64,244,226,0.29999999999999716,6.48,114,148,116,147,292,324,298,"0.1","-0.1",68.45488223682466,"7.176757362"
366,605463,"Scott, Tayler",734,49.9,0.133,0.017,0.19,0.15,0.223,0.277,0.189,8,60,86.2,16.8,2119,92.7,91.55,40,151,215,-1.2000000000000028,5.85,109,149,114,148,292,319,294,"7.9","-7.9",68.77242347424138,"6.895109055"
388,676254,"Walker, Ryan",701,55.3,0.229,0.084,0.333,0.313,0.294,0.315,0.235,19,83,91.9,2.8,2255,95.2,94.7,45,170,218,-0.5,6.11,110,148,118,150,291,319,295,"4.8","-4.8",67.0531676297285,"6.561480559"
225,643377,"Jax, Griffin",604,37.3,0.137,0.059,0.189,0.196,0.164,0.265,0.221,7,51,89.4,8.3,2486,96.9,97.11,30,113,112,0.19999999999998863,6.41,111,148,118,148,301,323,292,"6","-6",69.43734744444846,"6.817138411"
194,605130,"Barlow, Scott",650,29.8,0.394,0.182,0.444,0.576,0.461,0.413,0.354,13,33,91,-1.4,2318,91.8,93.21,23,86,108,1.4000000000000057,6.96,112,150,120,149,296,316,296,"-1.3","1.3",71.17647226609023,"7.168605125"
261,606303,"Payamps, Joel",508,51.4,0.169,0.169,0.205,0.339,0.246,0.322,0.247,10,59,89.4,15.3,2377,94.7,94.63,35,131,130,-0.10000000000000853,6.3,112,149,122,148,303,322,301,"2.4","-2.4",70.59612739602537,"7.017258917"
755,641154,"López, Pablo",1609,46.9,0.227,0.17,0.289,0.398,0.294,0.309,0.239,40,176,90,20.6,2198,94.5,96.07,105,392,363,1.5999999999999943,7.19,112,148,120,150,300,326,295,"4","-4",70.39221840187828,"6.745959011"
309,608723,"Voth, Austin",536,57.6,0.229,0.171,0.241,0.4,0.317,0.313,0.231,16,70,87.3,15.7,2319,91.1,91.22,44,164,145,0.10000000000000853,6.36,110,148,119,148,296,323,293,"2.7","-2.7",69.37338182799415,"7.008228531"
369,656945,"Scott, Tanner",629,58.7,0.104,0.015,0.159,0.119,0.224,0.271,0.154,7,67,79.1,12.4,2574,96.7,96.7,48,179,190,0,6.44,108,147,114,145,297,320,293,"9.2","-9.2",70.01482385406221,"6.792387"
759,579328,"Kikuchi, Yusei",1579,48.1,0.295,0.247,0.324,0.541,0.371,0.361,0.283,43,146,89.6,20.4,2276,95.7,96.67,101,377,382,1,7,106,149,115,145,298,319,287,"-1.9","1.9",70.49895238649006,"6.751915745"
313,543339,"Hudson, Daniel",563,55.6,0.227,0.147,0.237,0.373,0.26,0.292,0.24,17,75,90.6,22.9,2459,95.3,95.56,46,171,142,0.29999999999999716,6.43,116,150,122,151,295,314,296,"4.8","-4.8",70.16017226136621,"6.843973529"
224,664299,"Javier, Cristian",570,39.3,0.256,0.279,0.31,0.535,0.404,0.383,0.216,11,43,92.4,32,2301,91.7,90.75,27,100,124,-0.9000000000000057,6,110,150,117,149,291,320,291,"-1","1",69.79248302456708,"6.939701548"
341,677053,"Nardi, Andrew",598,57,0.26,0.13,0.373,0.39,0.319,0.3,0.238,20,77,90.1,19.5,2298,94,94.49,47,174,167,0.5,6.75,108,148,115,145,296,318,292,"-1.4","1.4",68.56900146588353,"6.653334768"
457,657571,"Ferguson, Caleb",508,90,0.245,0.196,0.313,0.441,0.338,0.342,0.253,25,102,90.9,14.8,2329,92.1,92.58,60,220,237,0.5,6.6,109,149,114,150,288,320,284,"0.2","-0.2",70.00711084755608,"6.876958725"
686,683003,"Jones, Jared",1378,49.8,0.214,0.189,0.243,0.403,0.31,0.342,0.241,34,159,91,16.4,2536,97.3,98.27,99,362,324,1,6.89,112,148,109,149,307,322,295,"5.4","-5.4",70.40989270111127,"6.811547229"
389,600917,"Leclerc, José",689,56.5,0.164,0.137,0.176,0.301,0.302,0.368,0.224,12,73,91.3,24.2,2543,93.5,92.32,47,172,217,-1.2000000000000028,5.54,112,149,117,149,301,324,296,"5.3","-5.3",70.16495572753826,"7.093661346"
241,605483,"Snell, Blake",511,47.2,0.415,0.341,0.483,0.756,0.519,0.422,0.306,17,41,93.6,20.1,2447,95.4,96.16,27,99,142,0.7999999999999972,6.81,107,149,120,146,300,323,294,"-5.8","5.8",68.58415474125782,"6.615186344"
504,672282,"Detmers, Reid",1101,45.8,0.253,0.23,0.283,0.483,0.379,0.348,0.22,22,87,90.2,25.9,2135,94,93.43,71,257,247,-0.5999999999999943,6.06,109,149,116,148,302,325,297,"-5.9","5.9",69.90182444920654,"6.856657895"
242,664208,"Maton, Phil",610,39.7,0.17,0.021,0.216,0.191,0.245,0.315,0.236,8,47,87.4,0.7,2503,88.1,89.62,31,112,130,1.5,7.07,107,148,117,148,298,332,299,"3","-3",66.15089417294548,"6.3432238"
263,656546,"Hoffman, Jeff",547,48.1,0.194,0.119,0.267,0.313,0.256,0.302,0.241,13,67,91.5,16.5,2590,96.5,96.71,37,133,130,0.20000000000000284,6.6,111,149,115,148,295,322,291,"5.4","-5.4",69.31437745607423,"6.990307395"
419,671922,"Smith, Cade",615,68.1,0.18,0.1,0.288,0.28,0.226,0.247,0.206,18,100,91,14.6,2265,95.8,97.65,58,209,210,1.7999999999999972,7.41,111,150,125,149,298,318,297,"13.9","-13.9",67.80479519303222,"6.499298138"
275,605154,"Brebbia, John",592,46.5,0.136,0.136,0.214,0.271,0.214,0.279,0.21,8,59,91.2,20.6,2303,93.9,94.21,39,140,135,0.29999999999999716,6.58,114,148,118,150,297,324,297,"6.5","-6.5",68.8032949890791,"6.654785308"
370,666974,"Cano, Yennier",612,60.5,0.257,0.108,0.309,0.365,0.329,0.329,0.239,19,74,92,-8.1,2113,95.9,95.35,50,177,193,-0.6000000000000085,6.09,110,147,117,146,306,324,295,"2.5","-2.5",70.57562097598375,"6.989886538"
408,681911,"Vesia, Alex",630,64.8,0.116,0.151,0.107,0.267,0.239,0.303,0.169,10,86,89.2,35.5,2395,93.6,93.72,61,215,193,0.10000000000000853,6.42,112,151,122,150,295,314,292,"8.2","-8.2",70.50641864943134,"7.041861789"
920,642547,"Peralta, Freddy",1729,53.2,0.236,0.167,0.317,0.404,0.323,0.328,0.236,48,203,88.8,19.3,2460,94.4,94.87,128,451,469,0.5,6.7,111,149,119,148,301,321,298,"0.4","-0.4",68.7940336144719,"6.592413251"
400,669211,"Akin, Keegan",700,57.1,0.224,0.224,0.277,0.449,0.32,0.288,0.195,22,98,88.7,27.6,2416,93.8,92.8,55,194,206,-1,5.86,113,149,120,148,300,324,296,"-3.1","3.1",69.1478564450021,"6.750432571"
300,662253,"Muñoz, Andrés",574,52.3,0.183,0.067,0.263,0.25,0.248,0.251,0.178,11,60,88.4,-5.2,2100,98,98.54,35,121,179,0.5,6.69,110,148,112,146,297,322,293,"2","-2",65.67146372293023,"6.602805143"
582,657376,"Schmidt, Clarke",1019,57.1,0.248,0.163,0.315,0.411,0.326,0.328,0.256,32,129,88.5,16.4,2663,93.1,93.14,81,279,303,0,6.22,113,149,118,152,288,324,289,"3.4","-3.4",70.33799398698612,"6.770928272"
822,661563,"Gil, Luis",1549,53.1,0.173,0.133,0.239,0.306,0.271,0.305,0.212,30,173,91.7,19.9,2462,96.6,97.22,112,383,439,0.6000000000000085,6.71,113,149,117,152,289,323,288,"6.4","-6.4",68.94656316570088,"6.835495959"
333,669062,"Miller, Erik",705,47.2,0.217,0.2,0.25,0.417,0.341,0.313,0.204,13,60,92.8,12.5,2259,96.7,96.98,45,151,182,0.29999999999999716,6.53,112,149,120,148,292,319,294,"0.3","-0.3",68.54538640999986,"6.726127328"
380,518886,"Kimbrel, Craig",558,68.1,0.152,0.114,0.244,0.266,0.263,0.295,0.187,12,79,91.4,31.9,2331,94.2,94.9,57,186,194,0.7000000000000028,6.82,113,147,118,149,301,325,299,"4.8","-4.8",69.05125975928273,"6.776561686"
619,656629,"Kopech, Michael",687,90.1,0.216,0.155,0.284,0.371,0.316,0.299,0.196,25,116,88.2,14.4,2589,97.9,98.75,88,288,331,0.7999999999999972,6.92,113,148,117,150,295,322,297,"2.1","-2.1",68.94727768456889,"6.76199649"
240,621383,"Banks, Tanner",657,36.5,0.242,0.113,0.382,0.355,0.276,0.274,0.216,15,62,90.6,7.9,2237,93.2,92.76,38,123,117,-0.4000000000000057,5.99,113,149,118,150,295,322,296,"2.3","-2.3",67.39617122210743,"6.453185138"
367,694973,"Skenes, Paul",972,37.8,0.253,0.172,0.439,0.425,0.322,0.287,0.207,22,87,92.8,17.1,2300,99.2,99.3,64,205,162,0.09999999999999432,6.39,113,148,113,149,305,326,297,"-0.9","0.9",69.24243400516748,"6.692693234"
393,547973,"Chapman, Aroldis",644,61,0.209,0.224,0.286,0.433,0.365,0.35,0.19,14,67,92.8,15.8,2338,98.1,100,51,162,231,1.9000000000000057,7.33,107,149,113,147,310,325,293,"-4.7","4.7",69.14434377479856,"6.698648212"
680,686752,"Pepiot, Ryan",1251,54.4,0.132,0.125,0.159,0.257,0.252,0.295,0.169,18,136,90.8,24.6,2378,94.8,95.45,95,300,380,0.6000000000000085,6.83,105,148,117,148,298,331,301,"9.3","-9.3",70.5266498041224,"6.853549926"
277,669093,"Estrada, Jeremiah",516,53.7,0.18,0.148,0.25,0.328,0.252,0.268,0.184,11,61,91.3,26.9,2194,97.1,97.7,48,151,126,0.6000000000000085,6.75,114,150,118,150,297,326,294,"2.8","-2.8",69.72855764104908,"6.795665786"
357,657585,"Garrett, Reed",684,52.2,0.343,0.271,0.373,0.614,0.453,0.391,0.289,24,70,92.2,15.7,2375,93.9,93.65,54,169,188,-0.20000000000000284,6.21,112,149,117,150,295,321,297,"-10.4","10.4",71.29982716203614,"7.339198389"
1393,676979,"Crochet, Garrett",1691,82.4,0.201,0.082,0.302,0.283,0.242,0.252,0.2,64,318,88.2,12.1,2509,95.2,96.44,241,746,647,1.2000000000000028,7.05,109,150,115,149,299,322,294,"22","-22",69.43214433790212,"6.91394429"
255,660896,"Alcala, Jorge",512,49.8,0.116,0.07,0.156,0.186,0.24,0.274,0.145,5,43,88.8,26,2429,97.6,96.53,40,123,132,-1.0999999999999943,5.84,113,148,119,150,297,323,293,"7.1","-7.1",69.77941612890947,"6.979229817"
469,623352,"Hader, Josh",653,71.8,0.219,0.167,0.34,0.385,0.289,0.255,0.185,21,96,89.8,24.7,2225,95.9,96.3,79,243,226,0.3999999999999915,6.77,107,149,113,146,296,326,295,"0.5","-0.5",69.24216390639145,"6.882825667"
312,489446,"Yates, Kirby",528,59.1,0.132,0.044,0.231,0.176,0.19,0.203,0.153,9,68,88.8,19.3,2364,93.1,92.35,53,155,157,-0.7999999999999972,6.04,114,150,118,149,300,323,298,"9.3","-9.3",69.54145970795896,"6.803982643"
379,502085,"Robertson, David",608,62.3,0.129,0.071,0.242,0.2,0.196,0.227,0.165,9,70,87.4,13.4,2606,93.6,94.13,52,143,236,0.5,6.65,109,149,118,149,301,324,298,"10.2","-10.2",69.76808809724125,"6.764526124"
350,695243,"Miller, Mason",575,60.9,0.147,0.147,0.235,0.294,0.243,0.255,0.163,10,68,89.4,20.8,2533,100.8,101.35,76,185,165,0.6000000000000085,6.74,113,147,116,150,299,323,298,"6.7","-6.7",69.10842766446586,"6.665133631"